Offense Case Type,Offense Date,Charges Description,Offense Street Name,Offense Cross Street,Case Closed,Agency,Officer Code,RACE,Defendant Gender
NT,2020-10-01,4:14:00,1102 East 2nd Street,,IN,APD Do Not Use,7597,Black or African American,Male
NT,2020-10-01,21:02:00,East 6th Street And,Congress Avenue,ACT,APD Do Not Use,7245,Black or African American,Male
NT,2020-10-02,2:13:00,300 Block East 6th Street,,IN,APD Do Not Use,7945,White,Male
NT,2020-10-02,20:38:00,North Ih 35 Service Road And,Clermont Avenue,TERM,APD Do Not Use,9105,White,Female
NT,2020-10-03,1:36:00,411 East 6th Street,,TERM,APD Do Not Use,8674,White,Male
NT,2020-10-03,2:30:00,200 Block East 6th Street,,IN,APD Do Not Use,8674,White,Female
NT,2020-10-03,2:30:00,200 Block East 6th Street,,TERM,APD Do Not Use,8674,White,Female
NT,2020-10-07,0:00:00,North Ih 35 Service Road And,East 15th Street,TERM,APD Do Not Use,6471,White,Female
NT,2020-10-08,0:01:00,1500 Block Red River Street,,TERM,APD Do Not Use,8418,White,Male
NT,2020-10-08,16:18:00,6th Street And,Congress Avenue,ACT,APD Do Not Use,8105,White,Male
NT,2020-10-09,19:08:00,20 North Ih 35 Service Road,,TERM,APD Do Not Use,8152,White,Male
NT,2020-10-10,1:34:00,510 West 10th Street,,TERM,APD Do Not Use,7616,Hispanic or Latino,Male
NT,2020-10-11,2:10:00,600 Block East 6th Street,,TERM,APD Do Not Use,8398,Black or African American,Male
NT,2020-10-11,2:23:00,600 Block Neches Street,,ACT,APD Do Not Use,8674,Black or African American,Male
NT,2020-10-11,6:43:00,700 Block Neches Street,,ACT,APD Do Not Use,7796,Hispanic or Latino,Male
TR,2020-10-11,9:10:00,600 Block Trinity Street,,TERM,APD Do Not Use,7796,Hispanic or Latino,Male
NT,2020-10-12,8:22:00,Camping,,TERM,APD Do Not Use,5193,Black or African American,Male
NT,2020-10-13,9:20:00,200 Block Brazos Street,,ACT,APD Do Not Use,8594,Black or African American,Female
NT,2020-10-13,10:23:00,600 Block Sabine Street,,TERM,APD Do Not Use,8594,Black or African American,Male
NT,2020-10-14,11:32:00,N LAMAR BLVD,,ACT,Other Agency,6627,Hispanic or Latino,Male
NT,2020-10-14,14:30:00,300 Block East 6th Street,,ACT,APD Do Not Use,7400,Hispanic or Latino,Male
NT,2020-10-16,8:15:00,500 Block Brazos Street,,ACT,APD Do Not Use,3968,,Male
TR,2020-10-17,0:00:00,700 To 600 Block Congress Avenue,,ACT,APD Do Not Use,4556,White,Male
NT,2020-10-17,2:20:00,300 Block East 6th Street,,ACT,APD Do Not Use,8140,Hispanic or Latino,Male
NT,2020-10-17,2:20:00,300 Block East 6th Street,,ACT,APD Do Not Use,5159,White,Male
NT,2020-10-17,2:21:00,300 Block East 6th Street,,TERM,APD Do Not Use,8674,Black or African American,Male
NT,2020-10-18,0:50:00,1213 Sabine Street,,TERM,APD Do Not Use,9109,Hispanic or Latino,Male
NT,2020-10-18,2:05:00,400 Block East 6th Street,,ACT,APD Do Not Use,7401,Black or African American,Male
NT,2020-10-18,2:10:00,400 Block East 6th Street,,ACT,APD Do Not Use,8140,Black or African American,Male
NT,2020-10-18,3:03:00,500 Block West 6th Street,,ACT,APD Do Not Use,8674,Black or African American,Male
NT,2020-10-18,10:00:00,600 Sabine Street,,ACT,APD Do Not Use,7950,Black or African American,Male
NT,2020-10-18,10:02:00,600 Bock Sabine Street,,IN,APD Do Not Use,7796,Black or African American,Male
NT,2020-10-18,23:01:00,West 6th Street And,Rio Grande Street,ACT,APD Do Not Use,8570,Hispanic or Latino,Male
NT,2020-10-18,23:01:00,West 6th Street And,Rio Grande Street,TERM,APD Do Not Use,8570,Hispanic or Latino,Male
NT,2020-10-19,21:16:00,501 West 3rd Street,,IN,APD Do Not Use,8139,White,Male
NT,2020-10-20,0:00:00,6th Street And,Rio Grande Street,ACT,APD Do Not Use,8346,White,Male
NT,2020-10-20,8:30:00,600 Block Sabine Street,,IN,APD Do Not Use,3968,Black or African American,Female
NT,2020-10-20,9:50:00,200 Block East 6th Street,,ACT,APD Do Not Use,6136,Black or African American,Male
NT,2020-10-20,13:00:00,500 Block Brazos Street,,ACT,APD Do Not Use,3968,Black or African American,Female
NT,2020-10-20,15:21:00,201 West 2nd Street,,ACT,APD Do Not Use,8139,Hispanic or Latino,Female
NT,2020-10-20,16:10:00,East 7th Street And,North Ih 35 Service Road,ACT,APD Do Not Use,8554,Black or African American,Male
NT,2020-10-21,6:40:00,6th Street And,San Jacinto,ACT,APD Do Not Use,7284,Hispanic or Latino,Male
NT,2020-10-22,2:28:00,600 Block Trinity Street,,TERM,APD Do Not Use,8140,Black or African American,Male
NT,2020-10-22,10:00:00,200 Block West Cesar Chavez Street,,ACT,APD Do Not Use,6136,Hispanic or Latino,Male
NT,2020-10-22,10:00:00,200 Block West Cesar Chavez Street,,ACT,APD Do Not Use,7451,White,Female
NT,2020-10-22,13:45:00,500 Block Brazos Street,,ACT,APD Do Not Use,6136,White,Male
NT,2020-10-23,0:00:00,400 Block East 6th Street,,ACT,APD Do Not Use,7870,White,Male
NT,2020-10-23,1:24:00,East 5th Street,Neches Street,ACT,APD Do Not Use,7837,White,Male
NT,2020-10-24,0:00:00,East 7th Street And,Congress Avenue,TERM,APD Do Not Use,7615,White,Male
NT,2020-10-24,2:13:00,411 East 6th Street,,ACT,APD Do Not Use,8221,Hispanic or Latino,Male
NT,2020-10-24,2:15:00,400 Block East 7th Street,,ACT,APD Do Not Use,8140,White,Male
NT,2020-10-24,3:08:00,719 West 6th Street,,TERM,APD Do Not Use,8674,White,Male
NT,2020-10-24,20:07:00,West 10th Street And,North Lamar Boulevard,ACT,APD Do Not Use,8103,White,Male
NT,2020-10-25,0:00:00,East 6th Street And,Neches Street,TERM,APD Do Not Use,8017,Hispanic or Latino,Male
NT,2020-10-25,0:11:00,402 East 6th Street,,TERM,APD Do Not Use,8674,White,Female
NT,2020-10-25,0:20:00,402 East 6th Street,,TERM,APD Do Not Use,8674,White,Male
NT,2020-10-25,1:00:00,400 Block East 6th Street,,TERM,APD Do Not Use,8674,Black or African American,Male
NT,2020-10-25,1:41:00,East 6th Street And,Neches Street,TERM,APD Do Not Use,8067,White,Female
NT,2020-10-25,2:20:00,East 6th Street,Trinity Street,TERM,APD Do Not Use,6781,Hispanic or Latino,Female
NT,2020-10-25,9:40:00,6th Street And,Brazos Street,ACT,APD Do Not Use,7284,Black or African American,Male
NT,2020-10-25,9:40:00,6th Street And,Brazos Street,ACT,APD Do Not Use,7284,Black or African American,Male
NT,2020-10-26,13:30:00,600 Block Red River Street,,TERM,APD Do Not Use,6145,White,Female
NT,2020-10-26,16:19:00,501 East 8th Street,,TERM,APD Do Not Use,8139,White,Male
NT,2020-10-26,22:55:00,E 6TH ST,,TERM,Other Agency,8140,Black or African American,Male
NT,2020-10-27,7:30:00,200 Block East 7th Street,,ACT,APD Do Not Use,3968,Black or African American,Male
NT,2020-10-27,10:40:00,600 Block Sabine Street,,ACT,APD Do Not Use,3968,Black or African American,Male
NT,2020-10-27,13:10:00,200 Block East 6th Street,,ACT,APD Do Not Use,3968,Asian,Female
NT,2020-10-27,15:20:00,606 Trinity Street,,ACT,APD Do Not Use,7837,Hispanic or Latino,Female
NT,2020-10-30,1:35:00,East 6th Street And,Neches Street,ACT,APD Do Not Use,8242,Black or African American,Male
NT,2020-10-30,2:33:00,401 East 6th Street,,TERM,APD Do Not Use,8674,Hispanic or Latino,Female
NT,2020-10-31,0:53:00,200 Block East 6th Street,,ACT,APD Do Not Use,7796,Black or African American,Male
NT,2020-10-31,2:13:00,600 Block San Jacinto,,ACT,APD Do Not Use,8235,White,Female
NT,2020-10-31,3:21:00,6th Street And Brazos,,IN,APD Do Not Use,4556,White,Male
NT,2020-11-01,1:00:00,400 Block East 6th Street,,TERM,APD Do Not Use,8140,Hispanic or Latino,Female
NT,2020-11-01,1:45:00,418 East 6th Street,,ACT,APD Do Not Use,8139,Black or African American,Male
NT,2020-11-01,2:00:00,400 Block East 6th Street,,TERM,APD Do Not Use,7804,White,Male
NT,2020-11-01,2:00:00,400 Block East 6th Street,,ACT,APD Do Not Use,8105,Black or African American,Male
NT,2020-11-01,2:15:00,500 Block East 6th Street,,ACT,APD Do Not Use,7884,Black or African American,Female
NT,2020-11-01,2:29:00,400 Block East 6th Street,,ACT,APD Do Not Use,8769,Black or African American,Male
NT,2020-11-01,21:34:00,East 6th Street,Trinity Street,ACT,APD Do Not Use,7245,White,Female
TR,2020-11-02,1:40:00,6th Street,San Jacinto Boulevard,TERM,APD Do Not Use,8140,Black or African American,Male
NT,2020-11-02,19:50:00,242 West 2nd Street,,ACT,APD Do Not Use,7870,White,Male
NT,2020-11-03,13:52:00,600 Block Brazos Street,,IN,APD Do Not Use,7433,Hispanic or Latino,Male
NT,2020-11-04,2:05:00,500 Block East 6th Street,,ACT,APD Do Not Use,5187,Black or African American,Male
NT,2020-11-04,21:30:00,West 4th Street And,Guadalupe Street,TERM,APD Do Not Use,6781,White,Male
NT,2020-11-05,11:30:00,500 Block East 6th Street,,ACT,APD Do Not Use,5193,,
NT,2020-11-05,15:25:00,500 Block Congress Avenue,,IN,APD Do Not Use,7284,White,Male
NT,2020-11-06,0:36:00,1213 Sabine Street,,ACT,APD Do Not Use,8940,White,Male
NT,2020-11-08,0:00:00,302 East 6th Street,,ACT,APD Do Not Use,8242,Hispanic or Latino,Male
NT,2020-11-08,0:00:00,East 7th Street And,Congress Avenue,ACT,APD Do Not Use,7872,Black or African American,Male
NT,2020-11-08,0:00:00,East 7th Street And,Congress Avenue,ACT,APD Do Not Use,7872,Black or African American,Male
NT,2020-11-08,1:45:00,419 East 6th Street,,TERM,APD Do Not Use,7804,Hispanic or Latino,Female
NT,2020-11-08,20:40:00,601 North Ih 35 Service Road,,ACT,APD Do Not Use,8554,Black or African American,Male
NT,2020-11-08,20:40:00,601 North Ih 35 Service Road,,IN,APD Do Not Use,8554,Black or African American,Male
NT,2020-11-09,21:27:00,600 Block Sabine Street,,ACT,APD Do Not Use,5193,Black or African American,Female
NT,2020-11-09,23:37:00,700 Block West 6th Street,,ACT,APD Do Not Use,7787,Hispanic or Latino,Male
NT,2020-11-11,0:00:00,805 Neches Street,,ACT,APD Do Not Use,7786,White,Male
NT,2020-11-13,2:22:00,300 Block East 7th Street,,IN,APD Do Not Use,7887,Hispanic or Latino,Male
NT,2020-11-13,8:00:00,300 Block East 6th Street,,ACT,APD Do Not Use,3968,White,Male
NT,2020-11-13,14:00:00,700 Block Red River Street,,TERM,APD Do Not Use,3968,Hispanic or Latino,Male
NT,2020-11-14,0:00:00,2800 Block Guadalupe Street,,TERM,APD Do Not Use,7052,White,Male
NT,2020-11-14,2:43:00,710 Trinity Street,,TERM,APD Do Not Use,7945,Hispanic or Latino,Female
NT,2020-11-14,21:49:00,2313 Rio Grande Street,,ACT,APD Do Not Use,8416,White,Male
NT,2020-11-15,1:20:00,E 6TH ST,,TERM,Other Agency,8789,Black or African American,Female
NT,2020-11-15,2:20:00,Neches Street And,East 6th Street,ACT,APD Do Not Use,8750,White,Male
NT,2020-11-16,0:07:00,East 6th Street,Trinity Street,ACT,APD Do Not Use,7245,White,Male
NT,2020-11-16,23:51:00,500 Block Lamar Boulevard,,ACT,APD Do Not Use,7087,White,Male
NT,2020-11-17,15:15:00,600 Block Congress Avenue,,TERM,APD Do Not Use,7796,Black or African American,Male
NT,2020-11-17,15:15:00,600 Block Congress Avenue,,TERM,APD Do Not Use,7796,Black or African American,Male
NT,2020-11-17,22:15:00,823 Congress Avenue,,IN,APD Do Not Use,7849,White,Female
NT,2020-11-20,0:53:00,500 Block Red River Street,,ACT,APD Do Not Use,7245,White,Female
NT,2020-11-21,3:45:00,1010 Trinity Street,,TERM,APD Do Not Use,5656,Hispanic or Latino,Male
NT,2020-11-21,13:35:00,500 Block Brazos Street,,TERM,APD Do Not Use,7451,Black or African American,Male
NT,2020-11-21,13:40:00,6th Street And Brazos Street,,IN,APD Do Not Use,6136,White,Male
NT,2020-11-22,0:31:00,720 West 6th Street,,TERM,APD Do Not Use,8105,Black or African American,Male
NT,2020-11-22,0:40:00,600 Block West 6th Street,,ACT,APD Do Not Use,8139,Black or African American,Male
NT,2020-11-22,1:56:00,200 Block Congress Avenue,,TERM,APD Do Not Use,7699,White,Female
NT,2020-11-22,2:15:00,310 Colorado Street,,TERM,APD Do Not Use,8740,White,Male
NT,2020-11-22,2:15:00,310 Colorado Street,,TERM,APD Do Not Use,8740,White,Male
NT,2020-11-22,2:15:00,310 Colorado Street,,TERM,APD Do Not Use,8740,White,Male
NT,2020-11-22,2:15:00,310 Colorado Street,,TERM,APD Do Not Use,8740,White,Male
NT,2020-11-22,13:41:00,100 Block East 6th Street,,IN,APD Do Not Use,7433,Hispanic or Latino,Male
NT,2020-11-24,2:02:00,Trinity Street And,East 8th Street,ACT,APD Do Not Use,8140,Hispanic or Latino,Female
NT,2020-11-24,19:59:00,823 Congress Avenue,,TERM,APD Do Not Use,7765,White,Male
NT,2020-11-25,22:39:00,708 East 6th Street,,ACT,APD Do Not Use,7796,Black or African American,Male
NT,2020-11-27,4:15:00,Red River Street And,East 3rd Street,IN,APD Do Not Use,7945,White,Male
NT,2020-11-28,1:39:00,West 21st Street And,San Antonio Street,TERM,APD Do Not Use,9252,White,Male
NT,2020-11-29,0:00:00,607 Trinity Street,,ACT,APD Do Not Use,4560,Black or African American,Female
NT,2020-11-29,1:35:00,607 Trinity Street,,ACT,APD Do Not Use,8140,Black or African American,Male
NT,2020-11-30,19:11:00,400 Block East 6th Street,,TERM,APD Do Not Use,7804,White,Female
NT,2020-11-30,19:23:00,East 7th Street And,Red River Street,ACT,APD Do Not Use,7245,Black or African American,Male
NT,2020-11-30,19:23:00,East 7th Street And,Red River Street,ACT,APD Do Not Use,7245,Black or African American,Male
TR,2020-12-02,8:45:00,600 Block Red River Street,,ACT,APD Do Not Use,3968,Hispanic or Latino,Male
NT,2020-12-02,14:35:00,500 Block Brazos Street,,ACT,APD Do Not Use,3968,White,Male
NT,2020-12-03,22:50:00,200 East 6th Street,,IN,APD Do Not Use,7796,White,Male
NT,2020-12-05,0:00:00,500 Block Trinity Street,,ACT,APD Do Not Use,8674,White,Male
NT,2020-12-05,0:00:00,500 Block Trinity Street,,ACT,APD Do Not Use,8674,Black or African American,Female
NT,2020-12-05,0:00:00,500 Block Trinity Street,,ACT,APD Do Not Use,8674,Black or African American,Female
NT,2020-12-05,0:01:00,500 Block Trinity Street,,ACT,APD Do Not Use,8674,Black or African American,Male
NT,2020-12-06,1:53:00,East 6th Street And,Trinity Street,TERM,APD Do Not Use,8674,White,Male
NT,2020-12-07,23:55:00,East 6th Street And,Neches Street,IN,APD Do Not Use,8674,Black or African American,Male
NT,2020-12-08,9:40:00,100 Block West 6th Street,,IN,APD Do Not Use,7284,White,Male
NT,2020-12-08,23:37:00,901 Neches Street,,TERM,APD Do Not Use,7597,White,Male
NT,2020-12-08,23:37:00,901 Neches Street,,TERM,APD Do Not Use,7597,White,Male
NT,2020-12-09,0:00:00,411 East 6th Street,,TERM,APD Do Not Use,6096,White,Female
NT,2020-12-09,7:30:00,6th Street And,Brazos Street,ACT,APD Do Not Use,6136,White,Male
NT,2020-12-09,11:40:00,200 Block East 6th Street,,ACT,APD Do Not Use,5635,Black or African American,Male
NT,2020-12-10,9:00:00,3rd Street And,Lavaca Street,TERM,APD Do Not Use,7284,White,Male
NT,2020-12-10,9:15:00,600 Block Congress Avenue,,ACT,APD Do Not Use,7284,White,Male
NT,2020-12-10,23:45:00,217 East 6th Street,,TERM,APD Do Not Use,7849,White,Male
NT,2020-12-11,13:25:00,400 Block East 6th Street,,ACT,APD Do Not Use,7433,White,Male
NT,2020-12-11,14:00:00,502 East 6th Street,,ACT,APD Do Not Use,6290,Black or African American,Male
NT,2020-12-11,23:30:00,500 Block East 8th Street,,TERM,APD Do Not Use,7870,White,Male
NT,2020-12-12,23:27:00,217 E 6TH ST,,TERM,Other Agency,8205,White,Female
NT,2020-12-12,23:50:00,217 East 6th Street,,TERM,APD Do Not Use,8674,White,Female
NT,2020-12-12,23:50:00,217 East 6th Street,,TERM,APD Do Not Use,8674,White,Female
NT,2020-12-12,23:56:00,217 E 6TH ST,,TERM,Other Agency,8205,White,Female
NT,2020-12-13,2:00:00,94 Rainey Street,,TERM,APD Do Not Use,8398,Hispanic or Latino,Female
NT,2020-12-14,0:33:00,100 Block East 7th Street,,TERM,APD Do Not Use,7615,White,Male
NT,2020-12-14,19:08:00,500 East 7th Street,,ACT,APD Do Not Use,7245,Black or African American,Male
NT,2020-12-14,19:08:00,500 East 7th Street,,ACT,APD Do Not Use,7245,Black or African American,Male
NT,2020-12-15,16:00:00,2765 East 7th Street,,TERM,APD Do Not Use,9220,Hispanic or Latino,Male
NT,2020-12-15,21:41:00,500 Block East 6th Street,,ACT,APD Do Not Use,7245,Black or African American,Female
NT,2020-12-16,12:55:00,East 6th Street And,San Jacinto Boulevard,TERM,APD Do Not Use,6136,White,Male
NT,2020-12-16,16:45:00,East 6th Street,Brazos Street,TERM,APD Do Not Use,6136,Black or African American,Male
NT,2020-12-16,23:50:00,600  Block Congress Avenue,,IN,APD Do Not Use,7796,White,Male
NT,2020-12-16,23:59:00,600 6TH ST,,ACT,APD Do Not Use,8754,Black or African American,Male
NT,2020-12-18,0:05:00,310 East 6th Street,,TERM,APD Do Not Use,7945,White,Male
NT,2020-12-18,0:20:00,310 E 6TH ST,,TERM,Other Agency,8205,White,Male
NT,2020-12-18,0:26:00,310 E 6TH ST,,TERM,Other Agency,8205,White,Male
NT,2020-12-18,23:55:00,403 East 6th Street,,ACT,APD Do Not Use,7849,White,Female
NT,2020-12-18,23:58:00,403 E 6TH ST,,TERM,Other Agency,8205,White,Female
NT,2020-12-19,0:01:00,403 East 6th Street,,TERM,APD Do Not Use,7945,White,Male
NT,2020-12-19,0:03:00,E 6TH ST,,TERM,Other Agency,8205,White,Male
NT,2020-12-19,0:06:00,403 East 6th Street,,TERM,APD Do Not Use,7945,White,Female
NT,2020-12-19,0:08:00,E 6TH ST,,ACT,Other Agency,8205,Other,Male
NT,2020-12-19,0:13:00,E 6TH ST,,ACT,Other Agency,8205,White,Male
NT,2020-12-19,0:21:00,402 East 6th Street,,TERM,APD Do Not Use,6451,White,Male
NT,2020-12-19,0:24:00,402 East 6th Street,,TERM,APD Do Not Use,6451,White,Female
NT,2020-12-19,0:38:00,Fake Dl Seized,,TERM,APD Do Not Use,8674,,
NT,2020-12-19,0:41:00,402 East 6th Street,,TERM,APD Do Not Use,7945,White,Female
NT,2020-12-19,2:15:00,400 Block East 6th Street,,TERM,APD Do Not Use,7401,White,Male
NT,2020-12-19,20:21:00,700 Block East 7th Street,,TERM,APD Do Not Use,7779,Black or African American,Male
NT,2020-12-19,23:53:00,403 East 6th Street,,TERM,APD Do Not Use,7401,White,Female
NT,2020-12-19,23:53:00,403 East 6th Street,,TERM,APD Do Not Use,7401,White,Female
NT,2020-12-20,0:05:00,403 East 6th Street,,TERM,APD Do Not Use,7945,White,Female
NT,2020-12-20,0:05:00,403 East 6th Street,,TERM,APD Do Not Use,7945,White,Female
NT,2020-12-20,0:05:00,403 East 6th Street,,TERM,APD Do Not Use,7401,White,Male
NT,2020-12-20,0:06:00,403 East 6th Street,,TERM,APD Do Not Use,7849,White,Female
NT,2020-12-20,0:06:00,403 East 6th Street,,TERM,APD Do Not Use,7849,White,Female
NT,2020-12-20,0:20:00,,,TERM,APD Do Not Use,8674,Asian,Male
NT,2020-12-20,0:20:00,403 East 6th Street,,ACT,APD Do Not Use,8674,White,Female
NT,2020-12-20,0:36:00,E 6TH ST,,TERM,Other Agency,8205,White,Male
NT,2020-12-20,0:39:00,E 6TH ST,,TERM,Other Agency,8205,White,Female
NT,2020-12-20,1:40:00,325 East 6th Street,,TERM,APD Do Not Use,7849,White,Female
NT,2020-12-20,1:40:00,325 East 6th Street,,TERM,APD Do Not Use,7849,White,Male
NT,2020-12-20,1:40:00,325 East 6th Street,,TERM,APD Do Not Use,6451,White,Female
NT,2020-12-20,1:40:00,325 East 6th Street,,TERM,APD Do Not Use,7849,White,Female
NT,2020-12-20,2:10:00,500 Blocktrinity Street,,TERM,APD Do Not Use,7945,Hispanic or Latino,Female
TR,2020-12-21,0:05:00,NECHES ST,,TERM,Other Agency,8140,Hispanic or Latino,Female
NT,2020-12-21,2:03:00,E 6TH ST,,TERM,Other Agency,8140,Hispanic or Latino,Female
NT,2020-12-21,19:16:00,E 6TH ST,,ACT,Other Agency,7245,Black or African American,Male
NT,2020-12-22,0:10:00,400 Block East 6th Street,,TERM,APD Do Not Use,8674,Hispanic or Latino,Male
NT,2020-12-26,0:00:00,East 6th Street And,San Jacinto Boulevard,ACT,APD Do Not Use,8201,Black or African American,Female
NT,2020-12-26,0:05:00,East 6th Street And,San Jacinto Avenut,TERM,APD Do Not Use,7872,White,Female
NT,2020-12-26,0:23:00,400 Block East 6th Street,,ACT,APD Do Not Use,8140,Hispanic or Latino,Female
NT,2020-12-26,0:23:00,400 Block East 6th Street,,ACT,APD Do Not Use,8140,Hispanic or Latino,Male
NT,2020-12-26,0:23:00,400 Block East 6th Street,,ACT,APD Do Not Use,8140,Hispanic or Latino,Female
NT,2020-12-26,12:00:00,East 6th Street And,San Jacinto Avenue,TERM,APD Do Not Use,8740,White,Male
NT,2020-12-27,18:25:00,200 Block East 6th Street,,TERM,APD Do Not Use,7804,Hispanic or Latino,Male
NT,2020-12-30,6:50:00,600 Block Waller Creek,,IN,APD Do Not Use,3968,Black or African American,Female
NT,2020-12-30,6:50:00,600 Block Waller Creek,,ACT,APD Do Not Use,3968,Black or African American,Female
NT,2020-12-30,8:40:00,700 Block North Ih 35,,ACT,APD Do Not Use,3968,White,Male
NT,2020-12-30,9:50:00,600 Block Trinity Street,,ACT,APD Do Not Use,3968,Black or African American,Male
NT,2020-12-31,22:57:00,West 5th Street And,Nueces Street,TERM,APD Do Not Use,7837,White,Male
NT,2020-12-31,23:52:00,600 Block San Jacinto Boulevard,,TERM,APD Do Not Use,8139,White,Male
NT,2020-12-31,23:52:00,600 Block San Jacinto Boulevard,,TERM,APD Do Not Use,8139,White,Male
NT,2021-01-01,0:01:00,East 6th Street,Neches Street,ACT,APD Do Not Use,8190,Black or African American,Male
NT,2021-01-01,0:01:00,East 6th Street And,Neches Street,ACT,APD Do Not Use,8201,Hispanic or Latino,Male
NT,2021-01-01,2:06:00,600 Block Trinity Street,,TERM,APD Do Not Use,8888,Hispanic or Latino,Male
NT,2021-01-02,0:00:00,111 East Cesar Chavez Street,,ACT,APD Do Not Use,5617,Black or African American,Male
NT,2021-01-02,4:39:00,607 Trinity Street,,ACT,APD Do Not Use,8422,Black or African American,Female
NT,2021-01-02,12:10:00,1000 Block North Ih 35,,ACT,APD Do Not Use,7950,White,Female
NT,2021-01-03,2:22:00,TRINITY ST,E 6TH ST,ACT,Other Agency,7597,White,Female
NT,2021-01-03,2:39:00,400 Block East 6th Street,,ACT,APD Do Not Use,8400,Black or African American,Male
NT,2021-01-06,0:44:00,408 East 6th Street,,TERM,APD Do Not Use,8674,Black or African American,Male
NT,2021-01-06,2:33:00,400 Block East 6th Street,,TERM,APD Do Not Use,8674,Black or African American,Male
NT,2021-01-06,10:50:00,East 6th Street And Congress Avenue,,ACT,APD Do Not Use,7796,White,Male
TR,2021-01-08,2:21:00,TRINIYY ST,,ACT,Other Agency,8140,Hispanic or Latino,Male
NT,2021-01-08,2:27:00,TRINITY ST,,ACT,Other Agency,8140,White,Male
NT,2021-01-09,18:30:00,520 West 6th Street,,ACT,APD Do Not Use,7764,Black or African American,Male
NT,2021-01-10,1:49:00,6TH STREET AND NECHES STREET,,TERM,APD Do Not Use,8558,White,Male
NT,2021-01-10,23:09:00,710 West Cesar Chavez Street,,ACT,APD Do Not Use,8139,White,Male
NT,2021-01-11,7:40:00,200 Block East 6th Street,,ACT,APD Do Not Use,3968,Black or African American,Male
NT,2021-01-11,9:15:00,700 Block Trinity Street,,ACT,APD Do Not Use,3968,,
NT,2021-01-11,11:30:00,600 Block Sabine Street,,ACT,APD Do Not Use,3968,Black or African American,Male
NT,2021-01-11,12:40:00,700 Block East 6th Street,,ACT,APD Do Not Use,3968,White,Male
NT,2021-01-14,0:00:00,6th Street And Neches Street,,ACT,APD Do Not Use,7433,White,Male
NT,2021-01-14,15:13:00,500 Block Brazos Street,,ACT,APD Do Not Use,6136,Hispanic or Latino,Male
TR,2021-01-14,15:15:00,15th Street,Red River Street,ACT,APD Do Not Use,8432,White,Male
NT,2021-01-14,15:50:00,100 Block East 6th Street,,TERM,APD Do Not Use,6136,White,Male
NT,2021-01-14,21:08:00,Red River Streetand,15th Street,TERM,APD Do Not Use,7615,White,Male
NT,2021-01-14,21:24:00,200 Block East 6th Street,,ACT,APD Do Not Use,7824,White,Male
NT,2021-01-15,3:00:00,607 Trinity Street,,TERM,APD Do Not Use,8674,,Female
NT,2021-01-15,3:01:00,TRINITY ST,,IN,Other Agency,8422,Hispanic or Latino,Female
NT,2021-01-17,1:20:00,411 East 6th Street,,ACT,APD Do Not Use,8140,Black or African American,Male
NT,2021-01-17,23:20:00,418 East 6th Street,,TERM,APD Do Not Use,8190,Hispanic or Latino,Male
NT,2021-01-18,0:00:00,East 6th Street And,Brazos Street,TERM,APD Do Not Use,8380,White,Female
NT,2021-01-18,10:50:00,700 Block Red River Street,,ACT,APD Do Not Use,3968,Black or African American,Male
NT,2021-01-18,11:30:00,200 BLOCK EAST 6TH STREET,,ACT,APD Do Not Use,3968,White,Male
NT,2021-01-18,21:50:00,7th Street And,North Ih 35 Service Road,ACT,APD Do Not Use,8389,Black or African American,Male
TR,2021-01-18,23:28:00,SABINE AT,,IN,Other Agency,8140,Black or African American,Male
NT,2021-01-21,23:42:00,E 6TH ST,,TERM,Other Agency,8205,White,Female
NT,2021-01-22,23:16:00,408 East 6th Street,,TERM,APD Do Not Use,8674,Hispanic or Latino,Male
NT,2021-01-24,0:14:00,E 6TH ST,,TERM,Other Agency,8354,White,Female
NT,2021-01-25,3:46:00,311 Bowie Street,,TERM,APD Do Not Use,8289,Hispanic or Latino,Female
NT,2021-01-25,7:20:00,200 Block East 6th Street,,ACT,APD Do Not Use,3968,White,Male
TR,2021-01-25,8:50:00,6th Street And Trinity Street,,ACT,APD Do Not Use,3968,White,Male
NT,2021-01-25,9:15:00,1000 Block Waller Creek,,ACT,APD Do Not Use,3968,Hispanic or Latino,Male
NT,2021-01-25,9:15:00,1000 Block Waller Creek,,ACT,APD Do Not Use,3968,Hispanic or Latino,Male
NT,2021-01-25,9:50:00,300 Block East 6th Street,,IN,APD Do Not Use,3968,Black or African American,Male
NT,2021-01-25,13:00:00,700 Block Neches Street,,ACT,APD Do Not Use,3968,White,Male
NT,2021-01-25,23:55:00,400 Block East 7th Street,,ACT,APD Do Not Use,3968,White,Male
TR,2021-01-26,17:20:00,North Ih 35,East 7th Street,ACT,APD Do Not Use,7796,White,Female
NT,2021-01-28,16:21:00,70 Block North Ih 35,,ACT,APD Do Not Use,8524,Black or African American,Male
TR,2021-01-28,16:21:00,70 Block North Ih 35,,ACT,APD Do Not Use,8524,Black or African American,Male
NT,2021-01-31,0:00:00,76 Rainey Street,,ACT,APD Do Not Use,7786,Black or African American,Male
NT,2021-01-31,2:18:00,300 Block East 6th Street,,TERM,APD Do Not Use,8674,Hispanic or Latino,Male
NT,2021-01-31,2:18:00,300 Block East 6th Street,,TERM,APD Do Not Use,8674,Hispanic or Latino,Male
NT,2021-01-31,2:18:00,300 Block East 6th Street,,ACT,APD Do Not Use,8674,Hispanic or Latino,Male
NT,2021-02-02,15:38:00,408 West 23rd Street,,ACT,APD Do Not Use,7873,White,Male
NT,2021-02-02,21:59:00,West 3rd Street,Congress Avenue,IN,APD Do Not Use,8769,White,Male
NT,2021-02-03,0:35:00,NECHES ST,,IN,Other Agency,8140,Black or African American,Male
NT,2021-02-03,5:35:00,700 Block Neches Street,,IN,APD Do Not Use,3968,White,Male
NT,2021-02-03,10:23:00,600 Block Congress Avenue,,TERM,APD Do Not Use,5193,Black or African American,Male
NT,2021-02-03,11:50:00,500 Block East 8th Street,,TERM,APD Do Not Use,3968,,
NT,2021-02-03,12:00:00,500 Block East 7th Street,,ACT,APD Do Not Use,3968,Hispanic or Latino,Female
NT,2021-02-03,12:35:00,600 Block Sabine Street,,TERM,APD Do Not Use,3968,Black or African American,Male
NT,2021-02-04,2:30:00,600 Block Neches Street,,TERM,APD Do Not Use,8140,Hispanic or Latino,Male
NT,2021-02-05,0:00:00,1200 Block Sabine Street,,TERM,APD Do Not Use,4813,White,Male
NT,2021-02-05,0:46:00,BLK 6TH ST,,TERM,Other Agency,8354,White,Female
NT,2021-02-05,21:53:00,315 Congress Avenue,,ACT,APD Do Not Use,7837,White,Male
NT,2021-02-06,7:40:00,East 6th Street And Brazos Street,,TERM,APD Do Not Use,7433,White,Male
NT,2021-02-07,0:01:00,901 East 5th Street,,TERM,APD Do Not Use,7770,White,Female
NT,2021-02-07,1:01:00,406 East 6th Street,,TERM,APD Do Not Use,8205,Hispanic or Latino,Female
NT,2021-02-07,1:32:00,East 5th Street And,Trinity Street,ACT,APD Do Not Use,8674,Black or African American,Male
NT,2021-02-07,1:32:00,East 5th Street And,Trinity Street,TERM,APD Do Not Use,8674,White,Male
NT,2021-02-07,6:37:00,100 Block West 6th Street,,TERM,APD Do Not Use,7796,White,Male
TR,2021-02-07,10:56:00,East Cesar Chavez Street,North Ih 35,IN,APD Do Not Use,7796,Black,Male
NT,2021-02-07,14:07:00,400 Block East 6th Street,,ACT,APD Do Not Use,8565,Hispanic or Latino,Female
NT,2021-02-07,16:45:00,300 Block East 7th Street,,IN,APD Do Not Use,8594,Black or African American,Male
NT,2021-02-08,9:28:00,600 Block Neches Street,,ACT,APD Do Not Use,6145,Black or African American,Male
NT,2021-02-08,9:28:00,600 Block Neches Street,,ACT,APD Do Not Use,6145,Black or African American,Male
NT,2021-02-08,10:50:00,500 Block Guadalupe Street,,ACT,APD Do Not Use,8110,White,Male
NT,2021-02-08,10:50:00,500 Block Guadalupe Street,,ACT,APD Do Not Use,8110,White,Male
NT,2021-02-08,13:40:00,400 Block East 6th Street,,IN,APD Do Not Use,6145,Black or African American,Male
NT,2021-02-08,14:09:00,700 Block Red River Street,,ACT,APD Do Not Use,8110,Black or African American,Male
NT,2021-02-11,2:25:00,7th Street And,Trinity Street,ACT,APD Do Not Use,7887,White,Female
NT,2021-02-12,21:14:00,620 West 6th Street,,TERM,APD Do Not Use,7837,White,Male
NT,2021-02-13,0:06:00,403 East 6th Street,,TERM,APD Do Not Use,8289,Hispanic or Latino,Male
NT,2021-02-13,0:30:00,400 Block 6th Street,,ACT,APD Do Not Use,8345,Black or African American,Male
NT,2021-02-13,22:12:00,600 Block West 6th Street,,ACT,APD Do Not Use,7804,Hispanic or Latino,Male
NT,2021-02-13,22:12:00,600 Block West 6th Street,,TERM,APD Do Not Use,8416,White,Male
NT,2021-02-14,0:14:00,6TH,TRINITY,TERM,Other Agency,8425,White,Female
NT,2021-02-14,0:37:00,E 6TH ST,,TERM,Other Agency,8205,White,Male
NT,2021-02-14,0:37:00,E 6TH ST,,TERM,Other Agency,8205,White,Male
NT,2021-02-15,3:20:00,800 Block Rio Grande Street,,ACT,APD Do Not Use,8674,White,Male
NT,2021-02-17,19:40:00,109 East 7th Street,,ACT,APD Do Not Use,7870,White,Male
NT,2021-02-19,13:25:00,400 Block 6th Street,,TERM,APD Do Not Use,7400,Black or African American,Female
NT,2021-02-19,16:15:00,300 Block East 6th Street,,TERM,APD Do Not Use,6145,Black or African American,Male
NT,2021-02-19,16:30:00,700 Block East 7th Street,,IN,APD Do Not Use,6145,Black or African American,Female
NT,2021-02-20,16:30:00,310 East 6th Street,,ACT,APD Do Not Use,7780,Black or African American,Male
NT,2021-02-21,1:14:00,101 Red River Street,,TERM,APD Do Not Use,8201,Hispanic or Latino,Male
NT,2021-02-21,1:14:00,101 Red River Street,,TERM,APD Do Not Use,8201,Hispanic or Latino,Male
NT,2021-02-21,2:07:00,600 Block Neches Street,,TERM,APD Do Not Use,8769,White,Male
NT,2021-02-21,2:07:00,600 Block Neches Street,,ACT,APD Do Not Use,8769,Hispanic or Latino,Male
NT,2021-02-21,2:21:00,611 Neches Street,,TERM,APD Do Not Use,8140,Black or African American,Male
NT,2021-02-21,11:35:00,400 Block East 6th Street,,TERM,APD Do Not Use,7408,Black or African American,Male
NT,2021-02-23,0:00:00,901 East 5th Street,,ACT,APD Do Not Use,8554,White,Male
NT,2021-02-23,6:10:00,800 Block Congress Avenue,,IN,APD Do Not Use,3968,White,Male
NT,2021-02-23,6:10:00,800 Block Congress Avenue,,ACT,APD Do Not Use,3968,White,Male
NT,2021-02-23,7:45:00,700 Block Trinity Street,,ACT,APD Do Not Use,3968,Black or African American,Male
NT,2021-02-23,9:54:00,6th Street,Brazos Street,ACT,APD Do Not Use,7613,White,Male
NT,2021-02-23,10:09:00,5th Street And,Trinity Street,ACT,APD Do Not Use,7613,White,Female
NT,2021-02-23,10:30:00,600 Block Red River Street,,ACT,APD Do Not Use,3968,White,Male
NT,2021-02-23,11:50:00,1000 Block Waller Creek,,TERM,APD Do Not Use,3968,Black or African American,Male
NT,2021-02-24,10:06:00,6th Street,San Jacinto Boulevard,ACT,APD Do Not Use,7613,White,Male
NT,2021-02-24,10:08:00,6th Street,San Jacinto Boulevard,IN,APD Do Not Use,7613,Hispanic or Latino,Male
NT,2021-02-24,13:06:00,7th Street,Red River Street,ACT,APD Do Not Use,7613,Black or African American,Male
NT,2021-02-25,1:26:00,500 Block Neches Street,,TERM,APD Do Not Use,8354,Black or African American,Male
NT,2021-02-25,19:25:00,East 3rd Street And,Congress Avenue,IN,APD Do Not Use,7785,Hispanic or Latino,Male
NT,2021-02-26,15:03:00,600 Block San Jacinto Boulevard,,ACT,APD Do Not Use,6145,White,Female
NT,2021-02-27,0:05:00,500 Block East Cesar Chavez Street,,IN,APD Do Not Use,7203,White,Male
NT,2021-02-27,1:18:00,300 Block East 6th Street,,TERM,APD Do Not Use,7245,White,Male
NT,2021-02-27,1:30:00,413 East 6th Street,,TERM,APD Do Not Use,8346,White,Male
NT,2021-02-27,7:55:00,300 Block Congress Avenue,,TERM,APD Do Not Use,7284,,Female
NT,2021-02-27,9:30:00,400 Block West 2nd Street,,ACT,APD Do Not Use,7284,White,Male
NT,2021-02-27,17:45:00,100 Block West Cesar Chavez Street,,TERM,APD Do Not Use,7245,,
NT,2021-02-28,0:05:00,613 Congress Avenue,,TERM,APD Do Not Use,7245,Black or African American,Male
NT,2021-02-28,1:20:00,300 Block East 6th Street,,TERM,APD Do Not Use,7245,White,Male
NT,2021-02-28,11:00:00,200 Block East 6th Street,,IN,APD Do Not Use,7284,White,Male
TR,2021-02-28,13:00:00,100 Block West 6th Street,,TERM,APD Do Not Use,5193,Black or African American,Male
NT,2021-02-28,18:53:00,214 East 6th Street,,TERM,APD Do Not Use,7804,White,Male
NT,2021-03-02,0:46:00,North Ih 35 Service Road,East Cesar Chavez Street,IN,APD Do Not Use,8205,Black or African American,Male
NT,2021-03-02,13:39:00,214 East 6th Street,,IN,APD Do Not Use,7408,White,Male
NT,2021-03-02,15:25:00,600 Congress Avenue,,ACT,APD Do Not Use,5193,White,Male
NT,2021-03-02,22:28:00,Colorado Street And,Cesar Chavez Street,ACT,APD Do Not Use,8221,White,Male
NT,2021-03-05,0:38:00,400 Block East 6th Street,,TERM,APD Do Not Use,8140,Hispanic or Latino,Male
NT,2021-03-05,2:36:00,302 East 6th Street,,ACT,APD Do Not Use,8422,White,Female
NT,2021-03-05,12:40:00,400 Block East 6th Street,,TERM,APD Do Not Use,8140,Hispanic or Latino,Male
NT,2021-03-06,0:50:00,400 Block Colorado Street,,TERM,APD Do Not Use,6103,White,Male
NT,2021-03-06,19:35:00,1000 Block East 2nd Street,,ACT,APD Do Not Use,6614,White,Male
NT,2021-03-07,1:03:00,East 6th Street And,Trinity Street,ACT,APD Do Not Use,8411,Hispanic or Latino,Male
NT,2021-03-07,7:50:00,7th Street And Trinity Street,,TERM,APD Do Not Use,7284,Black or African American,Male
NT,2021-03-07,10:38:00,607 Trinity Street,,TERM,APD Do Not Use,8428,Black or African American,Male
NT,2021-03-07,11:00:00,900 Block North Ih 35,,IN,APD Do Not Use,3968,Black or African American,Male
NT,2021-03-07,22:00:00,917 North Lamar Boulevard,,TERM,APD Do Not Use,8750,White,Male
NT,2021-03-08,0:53:00,409 East 6th Street,,TERM,APD Do Not Use,7804,Hispanic or Latino,Female
NT,2021-03-08,10:10:00,6th Street,Congress Avenue,ACT,APD Do Not Use,4556,White,Female
NT,2021-03-08,23:25:00,600 Block Neches Street,,ACT,APD Do Not Use,8674,Black or African American,Male
NT,2021-03-10,1:08:00,310 East 6th Street,,TERM,APD Do Not Use,8126,Other,Male
NT,2021-03-10,11:46:00,600 Block Congress Avenue,,ACT,APD Do Not Use,7796,White,Male
NT,2021-03-11,0:28:00,500 Block Trinity Street,,TERM,APD Do Not Use,8674,White,Male
NT,2021-03-12,1:00:00,400 Block East 6th Street,,ACT,APD Do Not Use,8140,White,Male
NT,2021-03-12,1:00:00,400 Block East 6th Street,,ACT,APD Do Not Use,8140,White,Male
NT,2021-03-12,1:53:00,East 5th Street And,Neches Street,ACT,APD Do Not Use,7756,Black or African American,Male
NT,2021-03-12,1:53:00,East 5th Street And,Neches Street,TERM,APD Do Not Use,7756,White,Female
NT,2021-03-12,19:43:00,1100 Block East Cesar Chavez Street,,IN,APD Do Not Use,8451,Hispanic or Latino,Male
NT,2021-03-12,23:38:00,508 East 8th Street,,TERM,APD Do Not Use,4578,White,Male
NT,2021-03-13,0:00:00,600 Block Trinity Street,,ACT,APD Do Not Use,8400,Hispanic or Latino,Male
NT,2021-03-13,1:00:00,4117 East 6th Street,,ACT,APD Do Not Use,8140,Black or African American,Male
NT,2021-03-13,16:30:00,611 NECHES STREET,,ACT,APD Do Not Use,8140,,
NT,2021-03-13,22:45:00,600 Block Neches Street,,ACT,APD Do Not Use,8140,Black or African American,Male
NT,2021-03-13,22:45:00,600 Block Neches Street,,ACT,APD Do Not Use,8674,Black or African American,Male
NT,2021-03-13,22:50:00,6th Street,Neches,ACT,APD Do Not Use,8888,Black or African American,Male
NT,2021-03-14,0:00:00,808 Nueces Street,,ACT,APD Do Not Use,6290,Hispanic or Latino,Male
NT,2021-03-14,0:01:00,500 Block North Ih 35 Service Road,,ACT,APD Do Not Use,8398,Hispanic or Latino,Male
NT,2021-03-14,1:12:00,419 East 6th Street,,ACT,APD Do Not Use,8346,Hispanic or Latino,Male
NT,2021-03-15,1:59:00,411 East 6th Street,,ACT,APD Do Not Use,8674,White,Male
NT,2021-03-15,2:00:00,415 East 6th Street,,TERM,APD Do Not Use,8289,Hispanic or Latino,Male
NT,2021-03-15,2:15:00,600 Block Trinity Street,,ACT,APD Do Not Use,8674,White,Male
NT,2021-03-15,2:15:00,600 Block Trinity Street,,ACT,APD Do Not Use,8674,Black or African American,Male
NT,2021-03-15,4:04:00,900 Block West 26th Street #406,,ACT,APD Do Not Use,9271,White,Male
NT,2021-03-15,13:15:00,West 7th Street And,Congress Avenue,ACT,APD Do Not Use,7638,White,Male
NT,2021-03-16,17:59:00,1210 East Cesar Chavez Street,,ACT,APD Do Not Use,8524,White,Female
NT,2021-03-18,0:43:00,325 East 6th Street,,IN,APD Do Not Use,8422,White,Male
NT,2021-03-18,2:04:00,E 6TH ST,,ACT,Other Agency,7597,Black or African American,Male
NT,2021-03-19,0:00:00,701 North Ih 35 Service Road,,ACT,APD Do Not Use,8554,Black or African American,Male
NT,2021-03-19,23:54:00,6th Street And,Trinity Street,ACT,APD Do Not Use,8345,Black or African American,Male
NT,2021-03-21,0:00:00,710 Trinity Street,,ACT,APD Do Not Use,8289,White,Female
NT,2021-03-21,0:04:00,415 East 6th Street,,ACT,APD Do Not Use,8126,Black or African American,Male
NT,2021-03-21,0:04:00,415 East 6th Street,,TERM,APD Do Not Use,8126,White,Male
NT,2021-03-21,2:31:00,E 6TH ST,,ACT,Other Agency,8354,Black or African American,Male
NT,2021-03-22,4:40:00,1008 West Avenue,,ACT,APD Do Not Use,8289,White,Male
NT,2021-03-22,14:10:00,500 Block Brazos Street,,ACT,APD Do Not Use,7408,White,Male
TR,2021-03-22,14:10:00,500 Block Brazos Street,,ACT,APD Do Not Use,7408,White,Male
NT,2021-03-22,23:54:00,415 East 6th Street,,ACT,APD Do Not Use,7597,Black or African American,Male
NT,2021-03-22,23:54:00,415 East 6th Street,,ACT,APD Do Not Use,7597,Black or African American,Male
NT,2021-03-23,0:00:00,West 3rd Street,Colorado Street,TERM,APD Do Not Use,7756,White,Male
TR,2021-03-24,1:15:00,6th Street And Trinity Street,,ACT,APD Do Not Use,4951,Hispanic or Latino,Male
NT,2021-03-24,18:20:00,CONGRESS AVE,,ACT,Other Agency,8769,White,Male
NT,2021-03-25,0:00:00,East 5th Street And,San Jacinto Street,ACT,APD Do Not Use,7594,White,Male
NT,2021-03-25,13:50:00,500 Block Brazos,,ACT,APD Do Not Use,7400,Black or African American,Male
NT,2021-03-26,1:22:00,E 6TH ST.,,TERM,Other Agency,8354,Hispanic or Latino,Female
NT,2021-03-26,1:54:00,413 East 6th Street,,TERM,APD Do Not Use,8289,White,Male
NT,2021-03-26,12:18:00,500 Block East 6th Street,,ACT,APD Do Not Use,8140,Black or African American,Male
NT,2021-03-26,12:18:00,500 Block East 6th Street,,ACT,APD Do Not Use,8140,Black or African American,Male
NT,2021-03-26,23:41:00,403 E 6 ST,,TERM,APD Do Not Use,8345,Hispanic or Latino,Female
TR,2021-03-27,1:16:00,1500 Block Red River Street,,ACT,APD Do Not Use,9271,White,Male
NT,2021-03-27,2:17:00,707 East Cesar Chavez Street,,ACT,APD Do Not Use,7615,Black or African American,Male
NT,2021-03-27,8:27:00,400 Bock Guadalupe Street,,ACT,APD Do Not Use,6627,Black or African American,Female
NT,2021-03-27,10:50:00,200 Block East 6th Street,,ACT,APD Do Not Use,3968,Asian,Male
NT,2021-03-27,10:50:00,200 Block East 6th Street,,ACT,APD Do Not Use,3968,Asian,Male
NT,2021-03-27,11:00:00,200 Block East 6th Street,,ACT,APD Do Not Use,3968,Black or African American,Male
TR,2021-03-28,5:00:00,1500 Block Red River Street,,ACT,APD Do Not Use,9264,Black or African American,Male
NT,2021-03-29,0:00:00,100 Block Congress Avenue,,ACT,APD Do Not Use,5193,Hispanic or Latino,Male
NT,2021-03-29,2:08:00,East 6th Street And,Trinity Street,ACT,APD Do Not Use,8205,Hispanic or Latino,Male
NT,2021-03-29,2:08:00,East 6th Street And,Trinity Street,ACT,APD Do Not Use,8205,Hispanic or Latino,Male
NT,2021-03-29,13:00:00,700 Block East 6th Street,,ACT,APD Do Not Use,7284,White,Male
NT,2021-03-29,13:00:00,700 Block East 6th Street,,ACT,APD Do Not Use,7284,White,Male
NT,2021-03-29,14:00:00,400 Block East Cesar Chavez Street,,TERM,APD Do Not Use,7203,White,Female
NT,2021-03-29,18:47:00,900 Block Neches Street,,ACT,APD Do Not Use,7245,Black or African American,Male
NT,2021-03-29,23:50:00,East 6th Street,Sabine Street,ACT,APD Do Not Use,8140,Black or African American,Male
TR,2021-03-30,0:00:00,555 East 5th Street,,IN,APD Do Not Use,8769,White,Male
TR,2021-03-30,23:00:00,600 Block Neches Street,,ACT,APD Do Not Use,8140,Black or African American,Male
NT,2021-03-31,10:15:00,OLTORF ST,,TERM,Other Agency,8441,Hispanic or Latino,Male
NT,2021-03-31,22:38:00,1621 West 5th Street,,TERM,APD Do Not Use,8416,White,Male
NT,2021-04-01,2:30:00,East 6th Street,Trinity Street,ACT,APD Do Not Use,8140,Black or African American,Female
NT,2021-04-01,6:30:00,100 Block West 2nd Street,,ACT,APD Do Not Use,7203,White,Male
NT,2021-04-02,0:00:00,500 Block East 6th Street,,ACT,APD Do Not Use,8570,Hispanic or Latino,Female
NT,2021-04-03,2:00:00,400 Block East 6th Street,,ACT,APD Do Not Use,8674,Black or African American,Female
NT,2021-04-03,2:06:00,1213 Sabine Street,,ACT,APD Do Not Use,2659,White,Male
NT,2021-04-03,2:10:00,400 Block East 6th Street,,ACT,APD Do Not Use,8017,Hispanic or Latino,Male
NT,2021-04-03,2:10:00,400 Block East 6th Street,,TERM,APD Do Not Use,7401,Hispanic or Latino,Male
NT,2021-04-03,2:28:00,607 Trinity Street,,TERM,APD Do Not Use,8674,Hispanic or Latino,Male
NT,2021-04-03,2:50:00,701 Trinity Street,,ACT,APD Do Not Use,8140,White,Male
NT,2021-04-03,14:14:00,N LAMAR BLVD,,ACT,Other Agency,7284,Hispanic or Latino,Male
NT,2021-04-04,0:14:00,400 Block East 6th Street,,TERM,APD Do Not Use,8674,Hispanic or Latino,Male
NT,2021-04-04,3:26:00,200 Block West 5th Street,,ACT,APD Do Not Use,8674,Hispanic or Latino,Male
NT,2021-04-04,7:40:00,600 Block Brazos Street,,ACT,APD Do Not Use,3968,White,Male
NT,2021-04-05,2:10:00,607 East 6th Street,,ACT,APD Do Not Use,7401,Hispanic or Latino,Male
NT,2021-04-05,9:00:00,500 Block Brazos Street,,IN,APD Do Not Use,6136,Black or African American,Male
NT,2021-04-05,9:40:00,500 Block East 6th Street,,ACT,APD Do Not Use,7400,Hispanic or Latino,Female
NT,2021-04-05,9:40:00,500 Block East 6th Street,,ACT,APD Do Not Use,7400,Hispanic or Latino,Female
NT,2021-04-05,10:15:00,600 Block Sabine Street,,ACT,APD Do Not Use,6136,White,Male
NT,2021-04-06,0:00:00,600 Block Trinity Street,,TERM,APD Do Not Use,8888,White,Male
NT,2021-04-07,0:00:00,1105 East Cesar Chavez Street,,ACT,APD Do Not Use,4502,White,Male
NT,2021-04-07,0:00:00,East Cesar Chavez Street And,Chalmers Avenue,ACT,APD Do Not Use,7791,Black or African American,Male
NT,2021-04-08,0:01:00,44 East Avenue,,ACT,APD Do Not Use,8572,Hispanic or Latino,Female
NT,2021-04-08,7:35:00,500 Block Brazos Street,,ACT,APD Do Not Use,2968,White,Male
NT,2021-04-08,14:00:00,600 Block North Ih 35,,ACT,APD Do Not Use,3968,Hispanic or Latino,Female
NT,2021-04-08,14:00:00,600 Block North Ih 35,,ACT,APD Do Not Use,3968,Hispanic or Latino,Female
NT,2021-04-09,7:42:00,700 Block Brazos Street,,ACT,APD Do Not Use,5193,White,Male
TR,2021-04-09,8:44:00,Brazos Street,East 6th Street,TERM,APD Do Not Use,5193,Black or African American,Male
NT,2021-04-09,11:20:00,600 Block San Jacinto Boulevard,,IN,APD Do Not Use,7408,White,Male
NT,2021-04-09,12:21:00,600 Block Congress Avenue,,ACT,APD Do Not Use,7408,White,Male
NT,2021-04-09,14:11:00,200 Block East 6th Street,,IN,APD Do Not Use,7408,White,Male
NT,2021-04-10,0:00:00,1213 Sabine Street,,IN,APD Do Not Use,9057,White,Male
NT,2021-04-10,0:00:00,West 22nd Street And,San Gabriel Street,IN,APD Do Not Use,9264,Hispanic or Latino,Male
NT,2021-04-10,0:05:00,1213 Sabine Street,,TERM,APD Do Not Use,9250,White,Male
NT,2021-04-10,8:00:00,500 Block Brazos Street,,ACT,APD Do Not Use,3968,Black or African American,Male
NT,2021-04-10,8:00:00,500 Block Brazos Street,,IN,APD Do Not Use,3968,Black or African American,Female
NT,2021-04-10,10:30:00,600 Block Neches Street,,IN,APD Do Not Use,3968,White,Male
NT,2021-04-10,10:30:00,600 Block Neches Street,,IN,APD Do Not Use,3968,White,Male
NT,2021-04-10,10:40:00,600 Block Neches Street,,IN,APD Do Not Use,3968,White,Male
NT,2021-04-11,1:00:00,400 Block East 6th Street,,TERM,APD Do Not Use,8347,White,Male
NT,2021-04-11,1:00:00,400 Block East 6th Street,,TERM,APD Do Not Use,8347,White,Male
NT,2021-04-11,5:02:00,617 East 7th Street,,IN,APD Do Not Use,8674,Black or African American,Male
NT,2021-04-11,22:22:00,708 East 6th Street,,IN,APD Do Not Use,7705,Hispanic or Latino,Male
NT,2021-04-12,6:45:00,500 Block Brazos Street,,IN,APD Do Not Use,3968,Black or African American,Male
NT,2021-04-12,10:20:00,700 Block Red River Street,,IN,APD Do Not Use,3968,White,Male
NT,2021-04-12,12:30:00,200 Block East 6th Street,,TERM,APD Do Not Use,3968,White,Male
NT,2021-04-13,11:14:00,600 Block Trinity Street,,TERM,APD Do Not Use,7433,Black or African American,Female
NT,2021-04-14,0:00:00,200 Block East 6th Street,,IN,APD Do Not Use,7433,Black or African American,Male
NT,2021-04-14,11:00:00,East 7th Street,Brazos Street,TERM,APD Do Not Use,7796,White,Female
NT,2021-04-14,11:00:00,East 7th Street,Brazos Street,TERM,APD Do Not Use,7796,White,Female
NT,2021-04-14,12:55:00,500 Block Brazos Street,,IN,APD Do Not Use,7433,Black or African American,Male
NT,2021-04-15,19:35:00,901 East 5th Street,,IN,APD Do Not Use,AP9229,Black or African American,Female
NT,2021-04-16,1:05:00,500 Block San Jacinto Boulevard,,IN,APD Do Not Use,6966,Black or African American,Female
NT,2021-04-16,10:00:00,700 Block North Ih 35,,IN,APD Do Not Use,3968,Hispanic or Latino,Male
NT,2021-04-17,0:00:00,316 East 6th Street,,IN,APD Do Not Use,8422,Black or African American,Male
NT,2021-04-17,1:28:00,East 6th Street And,Neches Street,TERM,APD Do Not Use,8919,White,Male
NT,2021-04-17,21:00:00,400 Block East 6th Street,,IN,APD Do Not Use,7764,Black or African American,Male
NT,2021-04-18,0:00:00,325 East 6th Street,,TERM,APD Do Not Use,8422,Hispanic or Latino,Male
NT,2021-04-18,0:08:00,600 Block Rio Grande Street,,IN,APD Do Not Use,7705,White,Male
NT,2021-04-18,1:45:00,6th Street,,TERM,APD Do Not Use,8422,Black or African American,Male
NT,2021-04-18,2:17:00,6th Street And,Trinity Street,ACT,APD Do Not Use,8422,Hispanic or Latino,Male
NT,2021-04-18,2:17:00,6th Street And,Trinity Street,ACT,APD Do Not Use,8422,White,Female
NT,2021-04-18,7:00:00,200 Block East 6th Street,,ACT,APD Do Not Use,3968,Hispanic or Latino,Female
NT,2021-04-18,7:20:00,500 Block Brazos Street,,IN,APD Do Not Use,3968,Black or African American,Male
NT,2021-04-19,10:15:00,500 Block Brazos Street,,IN,APD Do Not Use,3968,White,Male
NT,2021-04-19,12:21:00,500 Neches Street,,IN,APD Do Not Use,5193,White,Male
NT,2021-04-19,14:06:00,200 Block East 6th Street,,IN,APD Do Not Use,7284,White,Male
NT,2021-04-19,17:20:00,North Ih 35 Service Road And,Cesar Chavez Street,IN,APD Do Not Use,9218,White,Male
NT,2021-04-20,10:45:00,100 Block East 6th Street,,IN,APD Do Not Use,5193,Black or African American,Male
NT,2021-04-20,10:45:00,100 Block East 6th Street,,IN,APD Do Not Use,5193,Black or African American,Male
NT,2021-04-20,13:40:00,600 Block Brazos Street,,TERM,APD Do Not Use,5193,Black or African American,Male
NT,2021-04-20,13:40:00,600 Block Brazos Street,,TERM,APD Do Not Use,5193,Black or African American,Male
NT,2021-04-21,8:09:00,300 Block East 6th Street,,ACT,APD Do Not Use,7433,Hispanic or Latino,Male
NT,2021-04-21,14:20:00,6th Street,Congress Avenue,IN,APD Do Not Use,7284,White,Male
NT,2021-04-22,2:57:00,600 Block Neches Street,,ACT,APD Do Not Use,8205,White,Male
NT,2021-04-23,0:00:00,1200 Block Sabine Street,,ACT,APD Do Not Use,4813,White,Male
NT,2021-04-24,1:28:00,400 Block East 6th Street,,ACT,APD Do Not Use,5660,Hispanic or Latino,Female
NT,2021-04-24,2:10:00,400 Block East 6th Street,,TERM,APD Do Not Use,8888,Black or African American,Female
NT,2021-04-24,2:10:00,402 East 6th Street,,ACT,APD Do Not Use,8140,Black or African American,Female
NT,2021-04-24,9:10:00,200 Block East 6th Street,,ACT,APD Do Not Use,4988,White,Male
NT,2021-04-24,9:16:00,400 Block East 6th Street,,ACT,APD Do Not Use,4988,Black or African American,Male
NT,2021-04-24,9:22:00,500 Block San Jacinto,,TERM,APD Do Not Use,4988,White,Male
NT,2021-04-25,1:56:00,300 Block Trinity Street,,IN,APD Do Not Use,8888,Hispanic or Latino,Male
NT,2021-04-25,1:58:00,E 6TH ST,,ACT,Other Agency,8413,Hispanic or Latino,Male
NT,2021-04-25,8:40:00,300 Block East 6th Street,,IN,APD Do Not Use,7950,Black or African American,Male
NT,2021-04-25,18:42:00,500 Block East 6th Street,,ACT,APD Do Not Use,6966,Hispanic or Latino,Female
NT,2021-04-26,4:30:00,E 7TH STREET,,ACT,Other Agency,8422,White,Male
NT,2021-04-26,19:17:00,Colorado Street And,West Cesar Chavez Street,IN,APD Do Not Use,8067,White,Male
NT,2021-04-27,8:58:00,300 Block East 5th Street,,TERM,APD Do Not Use,7796,Black or African American,Male
NT,2021-04-27,9:35:00,500 Block Brazos Street,,TERM,APD Do Not Use,4973,White,Male
NT,2021-04-27,11:28:00,500 Block Brazos Street,,IN,APD Do Not Use,6136,White,Male
NT,2021-04-27,19:38:00,,,IN,APD Do Not Use,8448,White,Male
NT,2021-04-28,6:22:00,100 Block West 6th Street,,IN,APD Do Not Use,7796,White,Male
NT,2021-04-29,6:21:00,1213 Sabine Street,,TERM,APD Do Not Use,7446,Black or African American,Male
NT,2021-04-30,15:45:00,600 Block Congress Avenue,,ACT,APD Do Not Use,7408,White,Male
NT,2021-04-30,16:00:00,214 East 6th Street,,IN,APD Do Not Use,7408,Black or African American,Male
NT,2021-04-30,23:59:00,1200 Block Sabine Street,,ACT,APD Do Not Use,7783,White,Female
TR,2021-05-01,0:00:00,East 11th Street,Red River Street,TERM,APD Do Not Use,7986,White,Male
TR,2021-05-01,0:00:00,600 Block East 11th Street,,ACT,APD Do Not Use,7887,White,Female
TR,2021-05-01,0:00:00,700 Block East 11th Street,,TERM,APD Do Not Use,7615,White,Male
TR,2021-05-01,0:00:00,600 Block East 11th Street,,IN,APD Do Not Use,8565,Hispanic or Latino,Female
NT,2021-05-02,0:00:00,400 Block East 6th Street,,TERM,APD Do Not Use,7597,Hispanic or Latino,Male
NT,2021-05-02,0:52:00,500 Block Congress Avenue,,IN,APD Do Not Use,4556,White,Male
NT,2021-05-02,7:33:00,1621 East Cesar Chavez Street,,ACT,APD Do Not Use,8534,White,Male
NT,2021-05-02,12:30:00,600 Block Red River Street,,TERM,APD Do Not Use,7284,Black or African American,Male
NT,2021-05-03,2:55:00,East 6th Street And,Trinity Street,ACT,APD Do Not Use,8411,Hispanic or Latino,Male
TR,2021-05-03,14:58:00,600 Block Brazos Street,,ACT,APD Do Not Use,5193,White,Male
NT,2021-05-03,23:40:00,2718 Guadalupe Street,,ACT,APD Do Not Use,9115,Asian,Male
NT,2021-05-04,3:21:00,400 Block East 7th Street,,ACT,APD Do Not Use,8205,Black or African American,Female
NT,2021-05-04,4:03:00,East 6th Street At Attayac Street,,ACT,APD Do Not Use,8883,,
NT,2021-05-04,13:18:00,609 Congress Avenue,,TERM,APD Do Not Use,7408,White,Male
NT,2021-05-04,14:20:00,600 Block Congress Avenue,,ACT,APD Do Not Use,7408,White,Male
NT,2021-05-05,7:00:00,400 Block Red River Street,,IN,APD Do Not Use,7950,Asian,Male
NT,2021-05-05,21:35:00,600 Block Neches Street,,ACT,APD Do Not Use,8674,Black or African American,Male
NT,2021-05-05,22:15:00,717 East 7th Street,,ACT,APD Do Not Use,8205,Black or African American,Male
NT,2021-05-05,22:29:00,E 7TH ST,,ACT,Other Agency,8205,Black or African American,Male
NT,2021-05-06,2:02:00,E 7TH ST,,TERM,Other Agency,8205,Hispanic or Latino,Female
NT,2021-05-06,2:13:00,300 Block East 6th Street,,ACT,APD Do Not Use,8205,Black or African American,Female
NT,2021-05-06,22:56:00,310 East 5th Street,,ACT,APD Do Not Use,8126,White,Male
NT,2021-05-07,0:00:00,East 6th Street,Ih 35,ACT,APD Do Not Use,9218,Hispanic or Latino,Female
NT,2021-05-07,6:30:00,500 Block Brazos Street,,ACT,APD Do Not Use,3968,Hispanic or Latino,Male
NT,2021-05-07,6:45:00,500 Block Brazos Street,,ACT,APD Do Not Use,3968,Black or African American,Male
NT,2021-05-08,2:09:00,East 6th Street,San Jacinto Bouelvard,ACT,APD Do Not Use,8201,Black or African American,Male
NT,2021-05-08,9:30:00,600 Block Sabine Street,,ACT,APD Do Not Use,7284,,
NT,2021-05-09,0:00:00,77 Rainey Street,,ACT,APD Do Not Use,8380,Black or African American,Male
NT,2021-05-09,2:30:00,300 Block East 6th Street,,TERM,APD Do Not Use,8674,White,Male
NT,2021-05-09,10:22:00,715 East 8th Street,,TERM,APD Do Not Use,7284,Black or African American,Male
NT,2021-05-11,11:25:00,600 Block Waller Creek,,TERM,APD Do Not Use,3968,Black or African American,Male
NT,2021-05-12,6:00:00,100 Block East 6th Street,,ACT,APD Do Not Use,3968,Black or African American,Male
NT,2021-05-12,7:30:00,700 Block Red River,,ACT,APD Do Not Use,3968,Black or African American,Male
NT,2021-05-12,7:34:00,700 Block Red River Street,,ACT,APD Do Not Use,7638,Black or African American,Male
NT,2021-05-13,3:22:00,15th Street And Red River Street,,ACT,APD Do Not Use,9268,White,Male
NT,2021-05-13,6:15:00,500 Block Brazos Street,,TERM,APD Do Not Use,3968,Hispanic or Latino,Female
NT,2021-05-14,16:00:00,600 Block Congress Avenue,,ACT,APD Do Not Use,7408,White,Male
NT,2021-05-15,0:00:00,20 NORTH IH35 SERVICE ROAD,,ACT,APD Do Not Use,7804,White,Female
NT,2021-05-15,0:00:00,1500 Block Red River Street,,ACT,APD Do Not Use,9250,Black or African American,Female
NT,2021-05-15,9:40:00,500 Block Brazos Street,,ACT,APD Do Not Use,3968,Black or African American,Male
NT,2021-05-15,15:35:00,E Cesar Chavez Street And San Marcos St,,TERM,APD Do Not Use,AP9229,White,Male
NT,2021-05-16,0:00:00,525 North Lamar Boulevard,,ACT,APD Do Not Use,8149,White,Male
TR,2021-05-17,0:00:00,600 Block Congress Avenue,,ACT,APD Do Not Use,7408,White,Female
NT,2021-05-17,19:07:00,East Cesar Chavez And San Jacinto Street,,ACT,APD Do Not Use,7765,White,Male
NT,2021-05-17,21:12:00,401 East 6th Street,,TERM,APD Do Not Use,7245,Black or African American,Male
NT,2021-05-19,18:00:00,917 North Lamar Boulevard,,TERMA,APD Do Not Use,7764,White,Male
NT,2021-05-20,6:30:00,804 Congress Avenue,,TERM,APD Do Not Use,7284,Black or African American,Male
NT,2021-05-20,7:37:00,500 Block Trinity Street,,ACT,APD Do Not Use,7284,Black or African American,Male
NT,2021-05-20,20:45:00,400 Block East 6th Street,,ACT,APD Do Not Use,7804,White,Male
NT,2021-05-20,22:53:00,W 6TH ST,,TERM,Other Agency,8279,White,Male
NT,2021-05-20,22:59:00,W 6TH,,TERM,Other Agency,6174,Hispanic or Latino,Female
NT,2021-05-20,23:01:00,W 6TH ST,,TERM,Other Agency,8279,Asian,Male
NT,2021-05-20,23:40:00,W 6TH,,TERM,Other Agency,6174,White,Female
NT,2021-05-21,0:00:00,Colorado Street,West Cesar Chavez,ACT,APD Do Not Use,8570,White,Male
NT,2021-05-21,0:00:00,,,TERM,APD Do Not Use,4814,White,Male
NT,2021-05-21,2:00:00,400 Block East 6th Street,,ACT,APD Do Not Use,8674,Black or African American,Male
NT,2021-05-21,8:20:00,500 Block Brazos Street,,ACT,APD Do Not Use,3968,White,Male
NT,2021-05-21,8:20:00,500 Block Brazos Street,,ACT,APD Do Not Use,3968,White,Male
NT,2021-05-21,18:40:00,200 Block East 6th Street,,ACT,APD Do Not Use,3968,White,Male
TR,2021-05-22,2:30:00,400 Block East 6th Street And Trinity St,,TERM,APD Do Not Use,8289,White,Female
NT,2021-05-23,0:00:00,7th Street And Trinity Street,,ACT,APD Do Not Use,8126,Hispanic or Latino,Male
NT,2021-05-25,0:00:00,214 East6th Street,,ACT,APD Do Not Use,7611,Black or African American,Male
NT,2021-05-29,0:00:00,1213 Sabine Street,,TERM,APD Do Not Use,8912,,
NT,2021-05-29,7:23:00,500 Block Brazos Street,,IN,APD Do Not Use,7433,White,Male
NT,2021-05-29,7:50:00,600 Block Neches Street,,ACT,APD Do Not Use,7433,Hispanic or Latino,Male
NT,2021-05-30,0:06:00,6th Street And Trinity Street,,ACT,APD Do Not Use,8103,,
NT,2021-05-30,0:33:00,E 6TH ST,,TERM,Other Agency,8205,White,Male
NT,2021-05-30,0:38:00,E 6TH ST,,TERM,Other Agency,8205,White,Male
NT,2021-05-30,0:51:00,715 West 6th Street,,ACT,APD Do Not Use,8067,White,Male
NT,2021-05-31,2:38:00,6th Street And Congress Avenue,,TERM,APD Do Not Use,8126,,
NT,2021-05-31,2:38:00,6th Street And Congress Avenue,,TERM,APD Do Not Use,8126,,
NT,2021-05-31,9:45:00,East 6th Street,Trinity Street,ACT,APD Do Not Use,7433,Black or African American,Male
TR,2021-06-01,2:50:00,500 Block Lavaca Street,,ACT,APD Do Not Use,7597,White,Male
TR,2021-06-03,22:05:00,West 6th Street,South Lamar Boulevard,IN,APD Do Not Use,7796,Hispanic or Latino,Male
NT,2021-06-04,7:00:00,400 Block San Antonio Street,,ACT,APD Do Not Use,7950,Black or African American,Male
NT,2021-06-05,12:28:00,100 Block East 6th Street,,TERM,APD Do Not Use,4556,White,Male
NT,2021-06-05,23:40:00,700 Block West 6th Street,,TERM,APD Do Not Use,7804,White,Female
NT,2021-06-05,23:40:00,700 Block West 6th Street,,TERM,APD Do Not Use,8067,White,Female
NT,2021-06-06,0:51:00,901 East 6th Street,,ACT,APD Do Not Use,9210,Black,Male
NT,2021-06-06,8:30:00,900 Block Congress Avenue,,TERM,APD Do Not Use,6136,White,Male
NT,2021-06-08,20:40:00,601 North Ih 35,,ACT,APD Do Not Use,7796,Black or African American,Male
NT,2021-06-10,0:01:00,2246 Guadalupe Street,,IN,APD Do Not Use,8194,Black or African American,Male
NT,2021-06-11,2:37:00,600 Block Trinity Street,,TERM,APD Do Not Use,8140,Black or African American,Male
NT,2021-06-12,0:00:00,400 Block East 6th Street,,ACT,APD Do Not Use,8205,Hispanic or Latino,Female
NT,2021-06-12,0:05:00,400 Block East 6th Street,,TERM,APD Do Not Use,8674,Hispanic or Latino,Male
NT,2021-06-12,0:10:00,413 East 6th Street,,ACT,APD Do Not Use,8140,Black or African American,Female
NT,2021-06-12,0:10:00,411 East 6th Street,,ACT,APD Do Not Use,8888,Black or African American,Female
NT,2021-06-12,0:42:00,500 Block East 6th Street,,ACT,APD Do Not Use,7796,Black or African American,Male
NT,2021-06-12,20:30:00,900 BLOCK NORTH IH 35,,ACT,APD Do Not Use,3968,Black or African American,Male
NT,2021-06-13,0:00:00,31 North Ih 35,,ACT,APD Do Not Use,9223,White,Female
NT,2021-06-13,0:00:00,East Avenue Street,North Ih 35,ACT,APD Do Not Use,5193,Hispanic or Latino,Male
NT,2021-06-13,9:12:00,500 Block Brazos Street,,ACT,APD Do Not Use,6136,Black or African American,Male
NT,2021-06-13,9:32:00,600 Block Congress Avenue,,ACT,APD Do Not Use,4556,White,Male
NT,2021-06-14,1:20:00,400 Block East 6th Street,,IN,APD Do Not Use,8140,White,Female
NT,2021-06-14,11:00:00,2nd Street,Guadalupe Street,TERM,APD Do Not Use,8378,Black or African American,Male
NT,2021-06-14,19:40:00,2316 Guadalupe Street,,TERM,APD Do Not Use,9215,White,Male
NT,2021-06-15,10:00:00,500 Block Trinity Street,,TERM,APD Do Not Use,5193,Black or African American,Male
NT,2021-06-15,10:00:00,500 Trinity Street,,ACT,APD Do Not Use,5193,Black or African American,Male
NT,2021-06-15,10:45:00,200 Block East 6th Street,,ACT,APD Do Not Use,5193,Black or African American,Male
NT,2021-06-15,10:45:00,200 Block East 6th Street,,TERM,APD Do Not Use,5193,Black or African American,Male
NT,2021-06-15,11:20:00,100 Block Lavaca Street,,ACT,APD Do Not Use,7408,Hispanic or Latino,Female
NT,2021-06-15,21:48:00,419 Colorado Street,,ACT,APD Do Not Use,7592,White,Male
TR,2021-06-16,0:00:00,400 Block Congress Avenue,,IN,APD Do Not Use,6987,Black or African American,Male
NT,2021-06-16,0:00:00,7th Street,San Jacinto Street,TERM,APD Do Not Use,8103,,
NT,2021-06-16,2:21:00,300 Block East 6th Street,,ACT,APD Do Not Use,8674,,
NT,2021-06-16,2:21:00,300 Block East 6th Street,,TERM,APD Do Not Use,8674,White,Male
NT,2021-06-16,22:36:00,600 Block Red River Street,,ACT,APD Do Not Use,8674,,Male
NT,2021-06-17,6:41:00,100 Block West 6th Street,,TERM,APD Do Not Use,5193,White,Male
NT,2021-06-17,6:41:00,100 Block West 6th Street,,TERM,APD Do Not Use,5193,White,Male
NT,2021-06-17,7:00:00,600 Block South Congress Avenue,,TERM,APD Do Not Use,5193,White,Female
NT,2021-06-17,7:00:00,600 Block Congress Avenue,,TERM,APD Do Not Use,5193,White,Female
TR,2021-06-17,7:06:00,600 Block Congress Avenue,,IN,APD Do Not Use,5193,White,Male
NT,2021-06-17,8:40:00,600 Block Congress Avenue,,ACT,APD Do Not Use,5193,White,Male
NT,2021-06-17,8:40:00,600 Block Congress Avenue,,TERM,APD Do Not Use,5193,White,Male
TR,2021-06-17,8:48:00,600 Block Congress Avenue,,ACT,APD Do Not Use,5193,White,Male
NT,2021-06-18,1:58:00,400 Block Brazos Street,,TERM,APD Do Not Use,7785,Black or African American,Male
NT,2021-06-18,2:29:00,400 Block East 6th Street,,TERM,APD Do Not Use,8140,Hispanic or Latino,Male
NT,2021-06-18,8:00:00,200 Block East 6th Street,,ACT,APD Do Not Use,3968,Black or African American,Male
NT,2021-06-18,15:09:00,613 SOUTH CONGRESS AVENUE,,ACT,APD Do Not Use,8740,Black or African American,Male
NT,2021-06-18,21:33:00,301 West 2nd Street,,ACT,APD Do Not Use,8279,Black or African American,Male
NT,2021-06-19,0:54:00,500 Block Trinity Street,,TERM,APD Do Not Use,8413,Asian,Male
NT,2021-06-19,1:30:00,300 Block San Antonio Street,,TERM,APD Do Not Use,7764,White,Male
NT,2021-06-19,1:35:00,E 6TH ST,,ACT,Other Agency,8140,White,Male
NT,2021-06-19,2:39:00,400 EAST 6TH ST,,TERM,Other Agency,8140,White,Male
NT,2021-06-19,4:33:00,E 6TH ST,,TERM,Other Agency,8140,Black or African American,Male
NT,2021-06-19,12:59:00,200 Block East 6th Street,,TERM,APD Do Not Use,7408,White,Male
NT,2021-06-20,0:32:00,400 Block East 6th Street,,IN,APD Do Not Use,8674,Hispanic or Latino,Male
NT,2021-06-20,13:09:00,500 Block San Jacinto Boulevard,,TERM,APD Do Not Use,4556,Hispanic or Latino,Male
NT,2021-06-21,2:47:00,600 BLOCK TRINITY STREET,,ACT,APD Do Not Use,8140,Black or African American,Male
NT,2021-06-21,12:30:00,1105 East Cesar Chavez Street,,ACT,APD Do Not Use,4556,White,Male
NT,2021-06-21,18:15:00,CONGRESS,,TERM,Other Agency,7764,Black or African American,Male
NT,2021-06-21,22:22:00,101 Colorado Street,,ACT,APD Do Not Use,7615,White,Male
NT,2021-06-22,15:07:00,CONGRESS AVE,,TERM,Other Agency,8594,Hispanic or Latino,Female
NT,2021-06-22,22:17:00,700 Block East Cesar Chavez Street,,TERM,APD Do Not Use,7796,White,Male
NT,2021-06-23,0:00:00,,,ACT,APD Do Not Use,8909,White,Female
NT,2021-06-23,22:44:00,408 Brazos Street,,ACT,APD Do Not Use,8103,White,Female
NT,2021-06-24,8:30:00,,,TERM,APD Do Not Use,7408,Black or African American,Female
NT,2021-06-24,8:30:00,600 Block Red River Street,,TERM,APD Do Not Use,7408,Black or African American,Female
NT,2021-06-24,8:30:00,600 Block Red River Street,,TERM,APD Do Not Use,7408,Black or African American,Female
NT,2021-06-24,8:30:00,,,TERM,APD Do Not Use,7408,Black or African American,Female
NT,2021-06-24,13:50:00,200 Block Congress Avenue,,ACT,APD Do Not Use,7408,White,Female
NT,2021-06-24,13:50:00,200 Block Congress Avenue,,ACT,APD Do Not Use,7408,White,Female
NT,2021-06-25,0:00:00,400 Block East 6th Street,,ACT,APD Do Not Use,8888,Hispanic or Latino,Female
NT,2021-06-25,0:13:00,100 Block East 6th Street,,ACT,APD Do Not Use,7785,White,Male
NT,2021-06-25,2:31:00,TRINITY ST,,ACT,Other Agency,8140,White,Male
NT,2021-06-25,2:31:00,TRINITY ST,,ACT,Other Agency,8140,White,Male
NT,2021-06-25,8:30:00,500 Block San Jacinto Boulevard,,ACT,APD Do Not Use,4988,Black or African American,Male
NT,2021-06-25,9:00:00,800 Block Congress Avenue,,ACT,APD Do Not Use,7638,White,Male
NT,2021-06-25,11:00:00,500 Block Brazos Street,,ACT,APD Do Not Use,7408,,Male
NT,2021-06-25,11:59:00,500 Block West Avenue,,ACT,APD Do Not Use,8205,Hispanic or Latino,Male
NT,2021-06-25,12:28:00,700 Block Red River Street,,ACT,APD Do Not Use,4988,Black or African American,Male
NT,2021-06-25,18:35:00,1109 East 4th Street And Waller Street,,TERM,APD Do Not Use,9224,,
TR,2021-06-25,20:41:00,300 Block East 6th Street,,TERM,APD Do Not Use,7796,,
NT,2021-06-26,0:00:00,East 6th Street And San Jacinto Blvd,,IN,APD Do Not Use,8953,,
NT,2021-06-26,3:18:00,E 6TH ST,BRAZOS,ACT,Other Agency,7597,White,Male
NT,2021-06-26,3:28:00,E 6TH ST,BRAZOS,ACT,Other Agency,7597,Black or African American,Male
NT,2021-06-26,4:19:00,San Jacinto Boulevard And East 4th,,TERM,APD Do Not Use,8205,Black or African American,Male
NT,2021-06-26,23:51:00,6th Street At Trinity Street,,ACT,APD Do Not Use,8888,White,Male
NT,2021-06-26,23:51:00,6th Street At Trinity Street,,ACT,APD Do Not Use,8888,White,Male
NT,2021-06-27,1:56:00,300 Block East 6th Street,,ACT,APD Do Not Use,8279,Black or African American,Female
NT,2021-06-27,1:56:00,300 Block East 6th Street,,ACT,APD Do Not Use,8279,Black or African American,Female
NT,2021-06-27,6:38:00,101 Colorado Street,,IN,APD Do Not Use,7887,Black or African American,Male
TR,2021-06-28,2:23:00,EN6TH ST,,ACT,Other Agency,8888,Black or African American,Male
NT,2021-06-29,10:15:00,613 Congress Avenue,,TERM,APD Do Not Use,3968,White,Male
NT,2021-06-29,10:32:00,East 5th Street And Brazos Street,,ACT,APD Do Not Use,7433,Black or African American,Male
NT,2021-07-01,0:01:00,600 Block Brazos Street,,ACT,APD Do Not Use,7408,Hispanic or Latino,Male
NT,2021-07-01,0:04:00,600 Block Brazos Street,,IN,APD Do Not Use,5193,Black or African American,Male
NT,2021-07-01,11:52:00,200 Block East 6th Street,,TERM,APD Do Not Use,5193,White,Male
NT,2021-07-01,11:52:00,200 Block East 6th Street,,IN,APD Do Not Use,5193,White,Male
NT,2021-07-01,11:52:00,200 Block East 6th Street,,ACT,APD Do Not Use,7408,White,Male
NT,2021-07-01,11:52:00,200 Block East 6th Street,,TERM,APD Do Not Use,7408,White,Male
NT,2021-07-01,11:52:00,200 Block East 6th Street,,ACT,APD Do Not Use,7408,White,Male
NT,2021-07-01,12:04:00,600 Block Brazos Street,,TERM,APD Do Not Use,5193,Black or African American,Male
NT,2021-07-01,12:07:00,600 Block Brazos Street,,TERM,APD Do Not Use,7408,Hispanic or Latino,Male
NT,2021-07-02,0:00:00,600 Block Brazos Street,,TERM,APD Do Not Use,7408,White,Male
NT,2021-07-02,0:00:00,,,TERM,APD Do Not Use,8422,White,Male
NT,2021-07-02,2:06:00,400 Block East 6th Street,,TERM,APD Do Not Use,8205,Hispanic or Latino,Female
NT,2021-07-02,2:10:00,419 East 6th Street,,IN,APD Do Not Use,8140,Hispanic or Latino,Female
NT,2021-07-02,8:47:00,200 Block East 6th Street,,TERM,APD Do Not Use,7408,White,Male
NT,2021-07-02,8:47:00,200 Block East 6th Street,,ACT,APD Do Not Use,7408,White,Male
NT,2021-07-02,8:53:00,600 Block Brazos Street,,ACT,APD Do Not Use,7408,White,Male
NT,2021-07-02,13:18:00,600 Block Brazos Street,,TERM,APD Do Not Use,7408,Black or African American,Male
NT,2021-07-02,13:18:00,600 Block Brazos Street,,IN,APD Do Not Use,7408,Black or African American,Male
NT,2021-07-02,13:18:00,600 Block Brazos Street,,IN,APD Do Not Use,7408,Black or African American,Male
NT,2021-07-03,1:20:00,300 Block East 6th Street,,TERM,APD Do Not Use,8140,White,Male
NT,2021-07-03,1:36:00,E 6TH ST,TRINITY ST,TERM,Other Agency,8413,Asian,Male
NT,2021-07-04,0:00:00,90 Block Rainey Street,,IN,APD Do Not Use,8569,White,Male
NT,2021-07-04,0:43:00,823 Congress Avenue,,ACT,APD Do Not Use,6802,Black or African American,Male
NT,2021-07-04,23:16:00,6th Street At Rio Grande Street,,TERM,APD Do Not Use,8289,Hispanic or Latino,Female
NT,2021-07-05,10:50:00,600 Block Brazos Street,,IN,APD Do Not Use,5193,White,Male
NT,2021-07-05,10:50:00,600 Block Brazos Street,,TERM,APD Do Not Use,5193,White,Male
NT,2021-07-05,13:30:00,500 Block Brazos Street,,TERM,APD Do Not Use,5193,White,Male
NT,2021-07-05,13:30:00,500 Block Brazos Street,,ACT,APD Do Not Use,5193,White,Male
NT,2021-07-05,13:45:00,200 Blcock East 6th Street,,IN,APD Do Not Use,5193,Black or African American,Male
NT,2021-07-05,13:45:00,200 Block East 6th Street,,TERM,APD Do Not Use,5193,Black or African American,Male
NT,2021-07-05,22:40:00,2400 Rio Grande Street,,IN,APD Do Not Use,8951,Hispanic or Latino,Male
NT,2021-07-07,1:44:00,300 Block East 6th Street,,TERM,APD Do Not Use,8888,,
NT,2021-07-07,6:40:00,500 Block Congress Avenue,,ACT,APD Do Not Use,6145,White,Male
NT,2021-07-07,7:50:00,200 Block East 6th Street,,ACT,APD Do Not Use,6145,White,Male
NT,2021-07-07,13:41:00,600 Block Red River Street,,ACT,APD Do Not Use,6145,White,Female
NT,2021-07-07,13:41:00,600 Block Red River Street,,ACT,APD Do Not Use,6145,White,Female
NT,2021-07-07,14:15:00,100 Block East 6th Street,,ACT,APD Do Not Use,6145,White,Male
NT,2021-07-09,2:15:00,6th Street And Trinity Street,,TERM,APD Do Not Use,8205,White,Male
NT,2021-07-09,6:00:00,200 Block East 6th Street,,IN,APD Do Not Use,3968,Black or African American,Female
NT,2021-07-09,6:15:00,200 Block East 6th Street,,IN,APD Do Not Use,3968,Hispanic or Latino,Male
NT,2021-07-09,8:15:00,200 Block East 6th Street,,ACT,APD Do Not Use,3968,Black or African American,Male
NT,2021-07-09,8:15:00,200 Block East 6th Street,,ACT,APD Do Not Use,3968,Black or African American,Male
NT,2021-07-09,8:30:00,500 Block Brazos,,IN,APD Do Not Use,3968,White,Male
NT,2021-07-12,1:51:00,7th Street At Trinity Street,,TERM,APD Do Not Use,8103,Hispanic or Latino,Male
NT,2021-07-12,1:51:00,7th Street At Trinity Street,,TERM,APD Do Not Use,8103,Hispanic or Latino,Female
NT,2021-07-12,7:30:00,400 West 4th Street,,ACT,APD Do Not Use,7408,White,Male
NT,2021-07-12,7:30:00,400 West 4th Street,,IN,APD Do Not Use,7408,White,Male
NT,2021-07-12,8:10:00,223 East 6th Street,,ACT,APD Do Not Use,7408,White,Female
NT,2021-07-12,8:15:00,600 Block Brazos Street,,ACT,APD Do Not Use,7408,White,Male
NT,2021-07-12,10:05:00,East 7th Street And Sabine Street,,TERM,APD Do Not Use,7408,White,Female
NT,2021-07-12,10:05:00,East 7th Street And Sabine Street,,TERM,APD Do Not Use,7408,White,Female
NT,2021-07-14,6:25:00,500 Block Brazos Street,,TERM,APD Do Not Use,3968,Black or African American,Male
NT,2021-07-14,7:35:00,300 Block East 6th Street,,ACT,APD Do Not Use,6145,Hispanic or Latino,Male
NT,2021-07-14,8:15:00,200 Block East 6th Street,,ACT,APD Do Not Use,3968,White,Male
NT,2021-07-14,8:15:00,200 Block East 6th Street,,ACT,APD Do Not Use,3968,White,Male
NT,2021-07-14,9:33:00,200 Block East 7th Street - South Alley,,ACT,APD Do Not Use,6145,White,Male
NT,2021-07-14,13:35:00,600 Block Sabine Street,,ACT,APD Do Not Use,6145,Black or African American,Male
NT,2021-07-14,13:35:00,600 Block Sabine Street,,IN,APD Do Not Use,6145,Black or African American,Male
NT,2021-07-16,0:01:00,East Cesar Chavez At Walter Seaholm Dr,,TERM,APD Do Not Use,8107,Hispanic or Latino,Male
NT,2021-07-16,1:30:00,300 Block East 6th Street,,TERM,APD Do Not Use,8140,Other,Male
NT,2021-07-16,8:16:00,400 East 6th Street,,TERM,APD Do Not Use,5193,White,Male
NT,2021-07-16,8:40:00,500 Brazos Street,,ACT,APD Do Not Use,7408,White,Female
NT,2021-07-16,8:40:00,500 Brazos Street,,ACT,APD Do Not Use,7408,White,Female
NT,2021-07-16,9:10:00,200 West 3rd Street,,ACT,APD Do Not Use,7408,White,Male
NT,2021-07-16,9:10:00,200 West 3rd Street,,ACT,APD Do Not Use,7408,White,Male
NT,2021-07-16,10:33:00,600 Block Brazos Street,,ACT,APD Do Not Use,5193,Black or African American,Male
NT,2021-07-16,10:55:00,200 East 6th Street,,ACT,APD Do Not Use,7408,White,Female
NT,2021-07-16,10:56:00,200 Block East 6th Street,,IN,APD Do Not Use,5193,Hispanic or Latino,Female
NT,2021-07-16,11:05:00,500 Red River Street,,ACT,APD Do Not Use,7408,White,Male
NT,2021-07-16,11:52:00,600 Block Brazos Street,,ACT,APD Do Not Use,5193,Black or African American,Male
NT,2021-07-16,14:40:00,800 Block Congress Avenue,,ACT,APD Do Not Use,5193,Hispanic or Latino,Male
NT,2021-07-17,0:00:00,1200 Block Sabine,,TERM,APD Do Not Use,8354,White,Male
NT,2021-07-17,1:56:00,400 Block East 6th Street,,TERM,APD Do Not Use,7804,Black or African American,Male
NT,2021-07-17,1:57:00,400 Block East 6th Street,,TERM,APD Do Not Use,8674,Black or African American,Male
NT,2021-07-18,0:00:00,East 6th Street At Trinity Street,,TERM,APD Do Not Use,8425,,
NT,2021-07-18,1:26:00,1009 West 26th Street,,ACT,APD Do Not Use,9264,,
NT,2021-07-18,4:38:00,400 Block East 7th Street,,TERM,APD Do Not Use,8674,White,Female
NT,2021-07-18,7:18:00,500 Block Colorado Street,,TERM,APD Do Not Use,7433,White,Male
NT,2021-07-18,11:59:00,500 Block Trinity Street,,ACT,APD Do Not Use,7401,White,Male
TR,2021-07-19,7:41:00,CONGRESS AVE,,ACT,Other Agency,8594,Black or African American,Male
NT,2021-07-19,21:20:00,West 4th And Lavaca Street,,ACT,APD Do Not Use,6434,Black or African American,Male
NT,2021-07-19,21:20:00,West 4th And Lavaca Street,,ACT,APD Do Not Use,6434,Black or African American,Male
NT,2021-07-20,6:35:00,200 Block East 6th Street,,IN,APD Do Not Use,3968,Hispanic or Latino,Male
NT,2021-07-20,7:00:00,422 Guadalupes Street,,ACT,APD Do Not Use,7400,Black or African American,Male
NT,2021-07-20,7:45:00,800 Congress Avenue,,ACT,APD Do Not Use,7400,Hispanic or Latino,Male
NT,2021-07-20,12:50:00,200 Block East 6th Street,,ACT,APD Do Not Use,7400,Black or African American,Male
NT,2021-07-20,14:12:00,Airport And Ih35,,TERM,APD Do Not Use,4540,White,Male
NT,2021-07-20,14:15:00,4100 South Ih 35,,ACT,APD Do Not Use,4600,White,Male
NT,2021-07-20,14:17:00,4100 Ih35,,ACT,APD Do Not Use,4600,Black or African American,Male
NT,2021-07-20,14:30:00,4100 North I35,,ACT,APD Do Not Use,4540,White,Female
NT,2021-07-20,14:30:00,4100 Ih35,,IN,APD Do Not Use,4600,White,Male
NT,2021-07-20,14:33:00,4100 Ih35,,ACT,APD Do Not Use,4600,White,Male
NT,2021-07-21,6:30:00,200 Block East 6th Street,,ACT,APD Do Not Use,3968,Black or African American,Male
NT,2021-07-22,7:58:00,600 Block Congress,,TERM,APD Do Not Use,7638,Hispanic or Latino,Male
NT,2021-07-22,10:40:00,9300 South I35 North Bound Service Road,,IN,APD Do Not Use,3926,Hispanic or Latino,Male
NT,2021-07-22,10:45:00,9100 South Ih35 Service Road North Bound,,TERM,APD Do Not Use,7328,Hispanic or Latino,Trans Female (Male to Female)
NT,2021-07-23,0:00:00,800 Block Congress Avenue,,ACT,APD Do Not Use,5193,White,Male
NT,2021-07-23,11:17:00,600 Block Brazos Street,,ACT,APD Do Not Use,5193,Black or African American,Male
NT,2021-07-23,11:17:00,600 Block Brazos Street,,ACT,APD Do Not Use,5193,Black or African American,Male
NT,2021-07-23,14:00:00,East 7th Street And Brazos Street,,ACT,APD Do Not Use,7408,Black or African American,Male
NT,2021-07-23,14:00:00,East 7th Street And Brazos Street,,ACT,APD Do Not Use,7408,Black or African American,Male
NT,2021-07-23,16:01:00,West 5th Street At Congress Avenue,,IN,APD Do Not Use,7804,White,Male
NT,2021-07-24,0:09:00,400 Block East 6th Street,,TERM,APD Do Not Use,8205,White,Female
NT,2021-07-25,2:15:00,400 Block East 6th Street,,TERM,APD Do Not Use,8205,Black or African American,Female
NT,2021-07-25,7:45:00,500 Block Trinity Street,,ACT,APD Do Not Use,3968,Black or African American,Male
NT,2021-07-25,10:05:00,600 Block Brazos Street,,ACT,APD Do Not Use,3968,Hispanic or Latino,Male
NT,2021-07-25,10:25:00,600 Block Brazos Street,,ACT,APD Do Not Use,3968,Hispanic or Latino,Male
NT,2021-07-25,14:05:00,400 Block East 6th Street,,TERM,APD Do Not Use,7804,Black or African American,Female
NT,2021-07-26,12:49:00,East 7th Street And Congress Avenue,,ACT,APD Do Not Use,8110,White,Male
NT,2021-07-26,21:42:00,211 East 3rd Street,,ACT,APD Do Not Use,7705,Hispanic or Latino,Male
NT,2021-07-26,21:42:00,211 East 3rd Street,,ACT,APD Do Not Use,7705,Hispanic or Latino,Male
NT,2021-07-27,0:01:00,500 Block Brazos Street,,ACT,APD Do Not Use,7400,White,Female
NT,2021-07-27,9:18:00,2900 Gonzales Street,,IN,APD Do Not Use,6144,Hispanic or Latino,Male
NT,2021-07-28,8:33:00,East 6th Street At Brazos Street,,ACT,APD Do Not Use,6145,White,Female
NT,2021-07-29,0:00:00,West 6th Street At West Avenue,,TERM,APD Do Not Use,8888,White,Male
NT,2021-07-29,2:05:00,404 East 6th Street,,ACT,APD Do Not Use,8674,White,Male
NT,2021-07-29,6:51:00,900 Block Colorado Street,,ACT,APD Do Not Use,7638,Black or African American,Male
NT,2021-07-29,11:14:00,600 Brazos Street,,ACT,APD Do Not Use,7451,White,Male
NT,2021-07-29,12:28:00,500 Block Trinity Street,,ACT,APD Do Not Use,7638,White,Male
NT,2021-07-30,1:35:00,400 Block East 6th Street,,TERM,APD Do Not Use,8205,White,Male
NT,2021-07-30,3:22:00,600 Block Trinity Street,,ACT,APD Do Not Use,8205,White,Female
NT,2021-07-30,7:15:00,200 Block East 6th Street,,ACT,APD Do Not Use,3968,White,Female
OR,2021-07-30,11:30:00,600 BLOCK SABINE STREET,,IN,Austin Police Department,3968,Black,Male
NT,2021-07-30,11:30:00,600 Block Sabine Street,,ACT,APD Do Not Use,3968,Black or African American,Male
NT,2021-07-30,12:15:00,200 East 6th Street,,ACT,APD Do Not Use,4556,White,Male
NT,2021-07-30,12:15:00,200 East 6th Street,,IN,APD Do Not Use,4556,White,Male
NT,2021-07-31,0:00:00,600 Block Red River Street,,TERM,APD Do Not Use,7401,,
NT,2021-07-31,1:04:00,309 East 6th Street,,TERM,APD Do Not Use,8205,White,Male
NT,2021-07-31,1:35:00,400 Block East 6th Street,,TERM,APD Do Not Use,8205,Hispanic or Latino,Male
NT,2021-07-31,1:35:00,404 East 6th Street,,TERM,APD Do Not Use,8205,Black or African American,Male
NT,2021-08-01,1:42:00,419 East 6th Street,,ACT,APD Do Not Use,8411,Hispanic or Latino,Female
NT,2021-08-01,23:03:00,7th Street And Red River Street,,ACT,APD Do Not Use,8888,Black or African American,Male
OR,2021-08-01,23:03:00,EAST 7TH STREET,,IN,Austin Police Department,8888,White,Female
NT,2021-08-02,11:08:00,400 Block East 6th Street,,ACT,APD Do Not Use,7451,White,Male
NT,2021-08-02,23:46:00,400 Block East 6th Street,,ACT,APD Do Not Use,8345,Black or African American,Male
NT,2021-08-03,12:35:00,200 Block East 6th Street,,TERM,APD Do Not Use,3968,White,Male
NT,2021-08-04,0:14:00,309 East 11th Street,,IN,APD Do Not Use,7870,Black or African American,Female
TR,2021-08-04,14:55:00,East 12th Street And North Ih 35,,TERM,APD Do Not Use,7796,Black or African American,Female
NT,2021-08-04,21:40:00,600 Block Red River Street,,TERM,APD Do Not Use,8345,White,Male
NT,2021-08-06,0:35:00,403 East 6th Street,,ACT,APD Do Not Use,7597,Hispanic or Latino,Male
NT,2021-08-06,2:26:00,300 Block East 6th Street,,TERM,APD Do Not Use,8205,Hispanic or Latino,Male
NT,2021-08-06,7:10:00,200 Block East 6th Street,,ACT,APD Do Not Use,3968,White,Male
NT,2021-08-06,7:20:00,200 East 6th Street,,ACT,APD Do Not Use,7400,Black or African American,Male
NT,2021-08-06,7:20:00,600 Block Brazos Street,,ACT,APD Do Not Use,3968,Black or African American,Male
NT,2021-08-06,23:50:00,200 Block West 4th Street,,ACT,APD Do Not Use,8201,White,Male
NT,2021-08-07,20:00:00,600 Block Rio Grande Street,,TERM,APD Do Not Use,7764,White,Female
NT,2021-08-07,23:15:00,,,TERM,APD Do Not Use,7597,Black or African American,Female
NT,2021-08-08,0:00:00,600 Block Congress Avenue,,ACT,APD Do Not Use,5193,Black or African American,Male
NT,2021-08-08,0:50:00,East 6th Street And Neches Street,,TERM,APD Do Not Use,8279,White,Male
NT,2021-08-08,0:50:00,East 6th Street And Neches Street,,TERM,APD Do Not Use,8279,White,Male
NT,2021-08-08,3:04:00,500 Block East 7th Street,,ACT,APD Do Not Use,7597,Hispanic or Latino,Male
NT,2021-08-09,12:15:00,600 Block Brazos,,ACT,APD Do Not Use,7284,Black or African American,Male
NT,2021-08-10,2:40:00,400 Block East 6th Street,,ACT,APD Do Not Use,8674,Hispanic or Latino,Male
NT,2021-08-10,9:28:00,600 Block Brazos Street,,ACT,APD Do Not Use,5193,Black or African American,Male
NT,2021-08-10,9:28:00,600 Block Brazos Street,,ACT,APD Do Not Use,5193,Black or African American,Male
NT,2021-08-10,12:40:00,502 East 6th Street,,ACT,APD Do Not Use,7408,Black or African American,Female
NT,2021-08-10,12:40:00,502 East 6th Street,,ACT,APD Do Not Use,7408,Black or African American,Female
NT,2021-08-10,13:01:00,500 Block Brazos Street,,ACT,APD Do Not Use,7408,Black or African American,Male
NT,2021-08-10,13:01:00,500 Brazos Street,,TERM,APD Do Not Use,7408,Black or African American,Male
NT,2021-08-11,0:00:00,700 Block East 7th Street,,ACT,APD Do Not Use,8347,White,Female
TR,2021-08-12,0:00:00,500 Block Brazos Street,,ACT,APD Do Not Use,6290,Black or African American,Male
NT,2021-08-12,9:15:00,700 Neches Street,,TERM,APD Do Not Use,7284,Black or African American,Male
NT,2021-08-12,9:30:00,600 East 6th Street,,IN,APD Do Not Use,7408,Hispanic or Latino,Female
NT,2021-08-12,14:21:00,500 Brazos Street,,ACT,APD Do Not Use,7408,Black or African American,Male
NT,2021-08-12,14:21:00,500 Brazos Street,,ACT,APD Do Not Use,7408,Black or African American,Male
NT,2021-08-12,19:45:00,316 East 6th Street,,IN,APD Do Not Use,5617,Black or African American,Male
NT,2021-08-13,0:12:00,East 6th Street At Neches Street,,ACT,APD Do Not Use,7705,Hispanic or Latino,Male
NT,2021-08-13,10:28:00,6th Street And Brazos Street,,IN,APD Do Not Use,7638,Hispanic or Latino,Male
NT,2021-08-13,10:52:00,10th Street And Congress Avenue,,IN,APD Do Not Use,7638,White,Male
NT,2021-08-13,23:43:00,East 6th At Trinity Street,,TERM,APD Do Not Use,7616,White,Female
NT,2021-08-14,0:15:00,109 East 7th Street,,ACT,APD Do Not Use,8110,Hispanic or Latino,Male
NT,2021-08-14,1:41:00,419  East 6th Street,,ACT,APD Do Not Use,8425,Hispanic or Latino,Female
NT,2021-08-14,7:00:00,500 Brazos,,ACT,APD Do Not Use,8110,Black or African American,Male
NT,2021-08-14,10:50:00,6th Street And San Jacinto,,ACT,APD Do Not Use,7284,Hispanic or Latino,Female
NT,2021-08-14,23:34:00,E 6TH ST,,ACT,Other Agency,7884,White,Male
NT,2021-08-15,1:30:00,400 East 6th Street,,TERM,APD Do Not Use,8413,Black or African American,Female
NT,2021-08-15,1:40:00,400 Block West 6th Street,,TERM,APD Do Not Use,8674,Black or African American,Female
NT,2021-08-15,2:40:00,607 Trinity Street,,IN,APD Do Not Use,8140,Black or African American,Male
NT,2021-08-15,7:30:00,6th Street And Brazos Street,,ACT,APD Do Not Use,7284,Black or African American,Male
NT,2021-08-15,7:30:00,6th Street And Brazos Street,,TERM,APD Do Not Use,7284,Black or African American,Male
NT,2021-08-16,0:00:00,7th Street At Red River Street,,ACT,APD Do Not Use,8425,Hispanic or Latino,Male
NT,2021-08-16,0:01:00,7th Street At Red River Street,,ACT,APD Do Not Use,8425,Hispanic or Latino,Male
NT,2021-08-16,0:24:00,400 Block East 6th Street,,TERM,APD Do Not Use,8140,Hispanic or Latino,Female
NT,2021-08-16,8:51:00,500 Neches Street,,ACT,APD Do Not Use,6136,Black or African American,Male
OR,2021-08-16,9:10:00,CONGRESS AVENUE,,ACT,Austin Police Department,7408,Black,Male
NT,2021-08-16,9:10:00,CONGRESS AVENUE,,ACT,Austin Police Department,7408,Black,Male
TR,2021-08-16,9:10:00,CONGRESS AVENUE,,ACT,Austin Police Department,7408,Black,Male
NT,2021-08-17,11:34:00,600 Block Brazos Street,,ACT,APD Do Not Use,5193,Black or African American,Male
NT,2021-08-17,12:52:00,600 Block Congress Avenue,,ACT,APD Do Not Use,5193,White,Female
NT,2021-08-17,23:45:00,500 Brazos Street,,ACT,APD Do Not Use,7408,Black or African American,Male
TR,2021-08-17,23:50:00,500 BRAZOS STREET,,IN,Austin Police Department,7408,White,Male
NT,2021-08-17,23:50:00,500 Brazos Street,,IN,APD Do Not Use,7408,Hispanic or Latino,Male
NT,2021-08-18,1:51:00,409 East 6th Street,,TERM,APD Do Not Use,8103,,
NT,2021-08-19,2:10:00,300 East 6th Street,,ACT,APD Do Not Use,8674,Other,Male
NT,2021-08-19,6:15:00,200 Block East 6th Street,,ACT,APD Do Not Use,3968,Hispanic or Latino,Female
NT,2021-08-19,7:00:00,209 East 6th Street,,ACT,APD Do Not Use,8110,Hispanic or Latino,Female
NT,2021-08-19,7:00:00,805 Lambie Street,,ACT,APD Do Not Use,3968,Hispanic or Latino,Male
NT,2021-08-19,7:30:00,109 East 7th Street,,ACT,APD Do Not Use,8110,Hispanic or Latino,Male
NT,2021-08-20,0:56:00,300 Block East 6th Street,,ACT,APD Do Not Use,7804,Hispanic or Latino,Male
NT,2021-08-20,0:56:00,300 Block East 6th Street,,ACT,APD Do Not Use,7804,Hispanic or Latino,Male
NT,2021-08-20,6:30:00,200 Block East 6th Street,,ACT,APD Do Not Use,3968,Hispanic or Latino,Female
NT,2021-08-21,17:45:00,700 Block East 7th Street,,ACT,APD Do Not Use,7408,White,Male
NT,2021-08-22,0:00:00,600 Block Congress Avenue,,IN,APD Do Not Use,7284,White,Male
NT,2021-08-22,9:44:00,600 Block Congress Avenue,,TERM,APD Do Not Use,7284,White,Female
NT,2021-08-22,11:30:00,100 Block East 6th Street,,ACT,APD Do Not Use,7284,White,Male
NT,2021-08-22,11:30:00,100 Block East 6th Street,,ACT,APD Do Not Use,7284,White,Male
NT,2021-08-23,9:23:00,400 Block Congress Avenue,,ACT,APD Do Not Use,6144,Hispanic or Latino,Male
NT,2021-08-24,12:34:00,500 Block Congress Avenue,,ACT,APD Do Not Use,7408,White,Female
NT,2021-08-24,13:10:00,500 Block Congress Avenue,,TERM,APD Do Not Use,5193,Black or African American,Male
NT,2021-08-24,15:00:00,200 Block East 6th Street,,ACT,APD Do Not Use,5193,White,Male
NT,2021-08-24,17:40:00,East 4th Street At Congress Avenue,,IN,APD Do Not Use,7785,White,Male
NT,2021-08-25,0:51:00,600 Block East 7th Street,,ACT,APD Do Not Use,8674,Hispanic or Latino,Male
NT,2021-08-26,7:10:00,1000 Block East 5th Street,,ACT,APD Do Not Use,7257,Black or African American,Male
NT,2021-08-27,1:23:00,700 Block East 7th Street,,TERM,APD Do Not Use,7837,White,Male
NT,2021-08-27,7:30:00,600 Block Brazos Street,,ACT,APD Do Not Use,7400,Black or African American,Male
NT,2021-08-27,7:43:00,600 Block Brazos Street,,ACT,APD Do Not Use,6145,Black or African American,Male
NT,2021-08-29,14:10:00,400 Block East 6th Street,,ACT,APD Do Not Use,7433,Black or African American,Female
NT,2021-08-29,23:54:00,600 Block Nueces Street,,ACT,APD Do Not Use,7615,White,Male
NT,2021-08-30,1:17:00,400 Block East 6th Street,,IN,APD Do Not Use,8126,White,Male
NT,2021-08-30,2:41:00,208 East 6th Street,,ACT,APD Do Not Use,8103,White,Male
NT,2021-08-31,2:23:00,East 6th Street At Trinity Street,,ACT,APD Do Not Use,6434,Hispanic or Latino,Male
NT,2021-08-31,2:23:00,East 6th Street At Trinity Street,,ACT,APD Do Not Use,6434,Hispanic or Latino,Male
NT,2021-08-31,4:30:00,422 Guadalupe Street,,ACT,APD Do Not Use,3968,White,Male
NT,2021-08-31,4:30:00,422 Guadalupe Street,,ACT,APD Do Not Use,3968,White,Male
NT,2021-09-03,7:20:00,500 Block East 5th Street,,TERM,APD Do Not Use,7408,Black or African American,Female
NT,2021-09-03,7:50:00,600 Block Brazos Street,,ACT,APD Do Not Use,7408,Black or African American,Male
NT,2021-09-03,7:50:00,600 Block Brazos Street,,ACT,APD Do Not Use,7408,Black or African American,Male
NT,2021-09-03,11:50:00,500 Block West 3rd Street,,ACT,APD Do Not Use,7408,Black or African American,Male
NT,2021-09-03,23:58:00,409 East 6th Street,,IN,APD Do Not Use,8289,Black or African American,Male
NT,2021-09-04,0:08:00,402 East 6th Street,,TERM,APD Do Not Use,8674,White,Male
NT,2021-09-04,17:58:00,East 4th Street At Ih-35 Southbound,,IN,APD Do Not Use,8936,White,Male
NT,2021-09-04,23:34:00,East 6th Street At Trinity Street,,TERM,APD Do Not Use,8126,White,Male
NT,2021-09-04,23:42:00,2600 Guadalupe Street,,ACT,APD Do Not Use,9074,White,Male
NT,2021-09-05,23:26:00,4oo Block Brazos Street,,ACT,APD Do Not Use,7615,Black or African American,Male
NT,2021-09-06,0:00:00,310 East 6th Street,,ACT,APD Do Not Use,8422,White,Male
NT,2021-09-06,2:15:00,404 East 6th Street,,IN,APD Do Not Use,8103,White,Male
TR,2021-09-06,2:37:00,400 Block West 23rd Street,,ACT,APD Do Not Use,9074,Hispanic or Latino,Male
NT,2021-09-06,4:07:00,507 West 23rd,,TERM,APD Do Not Use,9115,Asian,Female
NT,2021-09-06,9:15:00,600 Block Brazos Street,,ACT,APD Do Not Use,7408,Black or African American,Male
NT,2021-09-06,9:15:00,600 Block Brazos Street,,ACT,APD Do Not Use,7408,Black or African American,Male
NT,2021-09-06,9:15:00,600 Block Brazos Street,,ACT,APD Do Not Use,7408,Black or African American,Male
NT,2021-09-06,9:15:00,600 Block Brazos Street,,ACT,APD Do Not Use,7408,Black or African American,Male
NT,2021-09-06,9:30:00,600 Block Congress Avenue,,TERM,APD Do Not Use,7408,White,Female
NT,2021-09-06,9:30:00,600 Block Congress Avenue,,TERM,APD Do Not Use,7408,White,Female
NT,2021-09-07,9:56:00,500 Block Brazos Street,,ACT,APD Do Not Use,6136,White,Male
NT,2021-09-07,11:00:00,East 6th Street And Neches Street,,ACT,APD Do Not Use,6136,Black or African American,Male
NT,2021-09-08,4:50:00,500 Block Brazos Street,,ACT,APD Do Not Use,3968,White,Male
NT,2021-09-08,9:05:00,500 Block Brazos Street,,TERM,APD Do Not Use,6136,Black or African American,Male
NT,2021-09-08,9:16:00,600 Block Brazos Street,,ACT,APD Do Not Use,6136,White,Male
NT,2021-09-09,0:00:00,901 Neches Street,,TERM,APD Do Not Use,8354,White,Female
NT,2021-09-09,4:47:00,505 West 7th Street,,TERM,APD Do Not Use,8413,White,Male
NT,2021-09-09,4:54:00,100 EAST 6TH STREET,,IN,Other Agency,8888,Black or African American,Male
NT,2021-09-09,4:54:00,6TH STREET AND BRAZOS,,ACT,Other Agency,8428,White,Male
NT,2021-09-09,12:10:00,501 East 8th Street,,TERM,APD Do Not Use,7780,Black or African American,Female
NT,2021-09-10,12:20:00,East 6th Street And Neches Street,,IN,APD Do Not Use,7408,White,Male
NT,2021-09-10,12:30:00,600 Neches Street,,ACT,APD Do Not Use,5193,White,Male
NT,2021-09-10,12:40:00,500 Brazos Street,,TERM,APD Do Not Use,7408,White,Female
NT,2021-09-10,12:40:00,500 Brazos Street,,TERM,APD Do Not Use,7408,White,Female
NT,2021-09-10,12:50:00,500 Brazos Street,,ACT,APD Do Not Use,7408,Hispanic or Latino,Male
NT,2021-09-10,12:50:00,500 Brazos Street,,ACT,APD Do Not Use,7408,Hispanic or Latino,Male
NT,2021-09-10,12:50:00,500 Brazos Street,,ACT,APD Do Not Use,7408,Hispanic or Latino,Male
NT,2021-09-11,0:00:00,500 Block Brazos Street,,ACT,APD Do Not Use,6145,Black or African American,Male
NT,2021-09-11,2:28:00,TRINITY,,IN,Other Agency,8888,Hispanic or Latino,Male
NT,2021-09-11,4:10:00,300 Block East 7th Street,,TERM,APD Do Not Use,8345,Black,Female
NT,2021-09-11,23:59:00,East 6th Street At Neches Street,,ACT,APD Do Not Use,7870,White,Male
NT,2021-09-12,1:51:00,300 Block Lavaca Street,,TERM,APD Do Not Use,7785,White,Male
NT,2021-09-12,14:20:00,East 7th Street And Brazos Street,,ACT,APD Do Not Use,4556,Black or African American,Male
NT,2021-09-13,0:01:00,400 Block East 6th Street,,TERM,APD Do Not Use,8354,Hispanic or Latino,Female
NT,2021-09-13,8:40:00,700 Block Congress Avenue,,IN,APD Do Not Use,5193,Hispanic or Latino,Male
NT,2021-09-13,10:30:00,600 Block Brazos Street,,ACT,APD Do Not Use,5193,White,Male
NT,2021-09-13,13:00:00,500 Block Trinity Street,,ACT,APD Do Not Use,5193,Black or African American,Male
NT,2021-09-13,13:00:00,500 Block Trinity Street,,ACT,APD Do Not Use,5193,Black or African American,Female
NT,2021-09-13,13:00:00,500 Block Trinity Street,,ACT,APD Do Not Use,5193,White,Male
NT,2021-09-13,13:00:00,500 Block Trinity Street,,ACT,APD Do Not Use,5193,White,Male
NT,2021-09-14,0:00:00,300 Block East 6th Street,,ACT,APD Do Not Use,4951,White,Male
NT,2021-09-14,1:15:00,East 6th Street At Trinity Street,,ACT,APD Do Not Use,4951,Hispanic or Latino,Male
NT,2021-09-14,8:42:00,,,ACT,APD Do Not Use,7638,Black or African American,Male
NT,2021-09-14,9:20:00,200 East 6th Street,,ACT,APD Do Not Use,7284,White,Male
NT,2021-09-14,9:28:00,100 West 6th Street,,TERM,APD Do Not Use,7638,White,Female
NT,2021-09-15,8:52:00,8TH STREET AND CONGRESS AVENUE,,TERM,APD Do Not Use,7284,White,Male
NT,2021-09-15,11:40:00,100 BLOCK WEST 6TH STREET,,TERM,APD Do Not Use,7284,White,Female
NT,2021-09-15,12:30:00,500 Block Trinity Street,,IN,APD Do Not Use,7284,Black or African American,Male
NT,2021-09-15,22:01:00,800 N IH 35 SVRD SB,,ACT,APD Do Not Use,8554,Black or African American,Male
NT,2021-09-16,6:42:00,East 6th Street And Brazos Street,,ACT,APD Do Not Use,7638,Black or African American,Male
NT,2021-09-16,11:40:00,100 WEST 6TH STREET,,TERM,APD Do Not Use,7638,White,Female
NT,2021-09-16,15:02:00,East 5th Street And Trinity Street,,ACT,APD Do Not Use,7638,Black or African American,Male
NT,2021-09-17,0:00:00,705 West 23rd Street,,ACT,APD Do Not Use,8444,Black or African American,Male
NT,2021-09-17,15:23:00,500 Block East 7th Street,,TERM,APD Do Not Use,7796,Black or African American,Female
NT,2021-09-18,12:28:00,901 East 6th Street,,IN,APD Do Not Use,6145,Black or African American,Male
NT,2021-09-19,1:55:00,404 East 6th Street,,ACT,APD Do Not Use,8126,,
NT,2021-09-19,2:41:00,600 Trinity Street,,IN,APD Do Not Use,8347,Black or African American,Male
NT,2021-09-19,2:46:00,600 Trinity Street,,IN,APD Do Not Use,8347,,
NT,2021-09-19,14:40:00,600 Brazos Street,,IN,APD Do Not Use,4556,Black or African American,Male
NT,2021-09-20,0:29:00,SOUTH ALLEY TRINITY ST,,TERM,Other Agency,8205,Black or African American,Male
NT,2021-09-20,0:30:00,500 Block Brazos Street,,IN,APD Do Not Use,5193,Black or African American,Male
NT,2021-09-20,0:34:00,E 6TH ST,,IN,Other Agency,8205,Black or African American,Male
NT,2021-09-20,1:14:00,400 Block East 7th Street,,IN,APD Do Not Use,5660,Hispanic or Latino,Female
NT,2021-09-20,9:30:00,500 Congress Avenue,,ACT,APD Do Not Use,5193,White,Male
NT,2021-09-20,10:40:00,600 BLOCK BRAZOS STREET,,IN,APD Do Not Use,5193,Black or African American,Male
NT,2021-09-20,10:40:00,600 Block Brazos Street,,IN,APD Do Not Use,5193,Black or African American,Male
TR,2021-09-20,11:00:00,3rd Street And Congress Avenue,,IN,APD Do Not Use,5193,Hispanic or Latino,Male
TR,2021-09-20,11:52:00,CONGRESS AVENUE AND 6TH STREET,,IN,APD Do Not Use,5193,Hispanic or Latino,Male
NT,2021-09-20,12:22:00,200 BLOCK EAST 6TH STREET,,IN,APD Do Not Use,5193,White,Male
NT,2021-09-20,12:30:00,500 BRAZOS STREET,,IN,APD Do Not Use,5193,Black or African American,Male
NT,2021-09-20,12:30:00,500 BRAZOS STREET,,IN,APD Do Not Use,5193,Black or African American,Male
NT,2021-09-21,1:38:00,406 East 6th Street,,ACT,APD Do Not Use,7616,Black or African American,Male
NT,2021-09-21,4:20:00,422 GUADALUPE STREET,,IN,APD Do Not Use,3968,Hispanic or Latino,Male
NT,2021-09-21,7:13:00,5TH STREET AND CONGRESS AVENUE,,IN,APD Do Not Use,7638,Black or African American,Male
TR,2021-09-21,17:00:00,200 Block 6th Street,,TERM,APD Do Not Use,7764,White,Male
NT,2021-09-21,17:00:00,200 Block Of East 6th Street,,ACT,APD Do Not Use,7764,White,Male
NT,2021-09-22,2:13:00,East 5th Street At Neches Street,,TERM,APD Do Not Use,7597,Hispanic or Latino,Male
NT,2021-09-22,9:40:00,200 EAST 6TH STREET,,IN,APD Do Not Use,6136,Hispanic or Latino,Male
NT,2021-09-22,9:40:00,200 EAST 6TH STREET,,IN,APD Do Not Use,6136,Black or African American,Male
NT,2021-09-22,14:00:00,500 Brazos Street,,ACT,APD Do Not Use,6136,Black or African American,Male
NT,2021-09-23,0:00:00,East 2nd Street At Brazos Street,,TERM,APD Do Not Use,8664,White,Male
NT,2021-09-23,16:15:00,4600 BLOCK BRAKER LANE,,TERM,APD Do Not Use,5342,Black or African American,Male
NT,2021-09-23,16:15:00,4600 BLOCK BRAKER LANE,,TERM,APD Do Not Use,5342,White,Female
NT,2021-09-23,20:00:00,219 East 6th Street,,IN,APD Do Not Use,5617,White,Male
NT,2021-09-24,11:36:00,200 East 6th Street,,ACT,APD Do Not Use,5193,Black or African American,Male
TR,2021-09-24,11:36:00,200 East 6th Street,,ACT,APD Do Not Use,5193,Black or African American,Male
NT,2021-09-24,11:42:00,500 Block Brazos Street,,TERM,APD Do Not Use,5193,White,Male
NT,2021-09-24,11:47:00,600 Brazos Street,,ACT,APD Do Not Use,7408,Black or African American,Male
NT,2021-09-24,13:16:00,500 Brazos Street,,TERM,APD Do Not Use,7408,Black or African American,Male
NT,2021-09-24,14:20:00,100 East 6th Street,,TERM,APD Do Not Use,5193,Black or African American,Male
NT,2021-09-26,10:55:00,200 Block East 6th Street,,ACT,APD Do Not Use,3968,Black or African American,Male
NT,2021-09-26,14:44:00,700 Block East 8th Street,,IN,APD Do Not Use,9104,White,Female
NT,2021-09-27,8:05:00,200 East 6th Street,,ACT,APD Do Not Use,6136,Black or African American,Male
NT,2021-09-27,9:00:00,217 East 6th Street,,ACT,APD Do Not Use,7451,Black or African American,Male
NT,2021-09-27,13:16:00,200 Block East 6th Street,,IN,APD Do Not Use,6136,Black or African American,Male
NT,2021-09-28,8:30:00,400 Block East 6th Street,,TERM,APD Do Not Use,7433,Black or African American,Male
NT,2021-09-28,13:50:00,200 BLOCK EAST 6TH STREET,,ACT,APD Do Not Use,7433,Black or African American,Male
NT,2021-09-29,0:00:00,500 East 6th Street,,ACT,APD Do Not Use,8674,Black or African American,Female
NT,2021-09-30,0:15:00,406 East 6th Street (Moose Bar),,ACT,APD Do Not Use,8345,,
NT,2021-09-30,9:42:00,200 East 6th Street,,IN,APD Do Not Use,7408,Black or African American,Male
NT,2021-09-30,9:42:00,200 East 6th Street,,IN,APD Do Not Use,7408,Black or African American,Male
NT,2021-09-30,13:35:00,900 CONGRESS AVENUE,,ACT,APD Do Not Use,7408,Hispanic or Latino,Male
TR,2021-09-30,13:35:00,900 CONGRESS AVENUE,,ACT,APD Do Not Use,7408,Hispanic or Latino,Male
NT,2021-09-30,13:47:00,600 Brazos Street,,ACT,APD Do Not Use,7408,Black or African American,Male
NT,2021-09-30,13:47:00,600 Brazos Street,,ACT,APD Do Not Use,7408,Black or African American,Male
NT,2021-09-30,13:54:00,200 East 6th Street,,IN,APD Do Not Use,7408,White,Male
NT,2021-09-30,13:54:00,200 East 6th Street,,ACT,APD Do Not Use,7408,White,Male
NT,2021-09-30,14:00:00,200 East 6th Street,,ACT,APD Do Not Use,7408,White,Male
